city,geoid,Median Home Rent (2020-2024),predicted_rent,residual,residual_pct,affordability_category
SanFrancisco,94060,850.0,1988.5090942382812,-1138.5090942382812,-57.254407210765045,Highly Affordable
SanFrancisco,94104,773.0,1792.197509765625,-1019.197509765625,-56.86859312168728,Highly Affordable
Denver,80105,1031.0,1723.8458557128906,-692.8458557128906,-40.19186828200289,Highly Affordable
SanFrancisco,94924,1924.0,2586.558769226074,-662.5587692260742,-25.615453903810536,Highly Affordable
SanFrancisco,94707,2429.0,3061.3497314453125,-632.3497314453125,-20.655912813553975,Highly Affordable
SanFrancisco,94710,2477.0,3041.6505737304688,-564.6505737304688,-18.563952697496948,Highly Affordable
Miami,33434,1598.0,2133.7966918945312,-535.7966918945312,-25.110016054004387,Highly Affordable
Miami,33476,1126.0,1631.687530517578,-505.6875305175781,-30.991689343680406,Highly Affordable
Philadelphia,18915,1473.0,1938.665008544922,-465.6650085449219,-24.019879994348784,Highly Affordable
Denver,80104,1880.0,2319.8942260742188,-439.8942260742187,-18.961822531823717,Highly Affordable
Charlotte,28101,1083.0,1514.4634704589844,-431.4634704589844,-28.489526414804967,Highly Affordable
Orlando,32814,2361.0,2789.8948974609375,-428.8948974609375,-15.37315609456369,Highly Affordable
Louisville,40023,1181.0,1608.8020629882812,-427.8020629882813,-26.591342268274893,Highly Affordable
Denver,80030,1341.0,1766.9403381347656,-425.9403381347656,-24.10609622418835,Highly Affordable
Denver,80642,1218.0,1635.4444580078125,-417.4444580078125,-25.52483246764094,Highly Affordable
Denver,80116,1435.0,1848.116542816162,-413.1165428161621,-22.353381577692858,Highly Affordable
Miami,33493,1085.0,1497.666534423828,-412.6665344238281,-27.553966449720157,Highly Affordable
Denver,80238,2176.0,2587.1985473632812,-411.1985473632813,-15.893582956064597,Highly Affordable
SanFrancisco,94605,1902.0,2310.403564453125,-408.403564453125,-17.676719805000584,Highly Affordable
Denver,80117,1217.0,1624.928970336914,-407.92897033691406,-25.104418579744674,Highly Affordable
SanFrancisco,94946,2300.0,2705.400100708008,-405.4001007080078,-14.984848289238768,Highly Affordable
Denver,80246,1739.0,2139.318603515625,-400.318603515625,-18.71243501822337,Highly Affordable
Denver,80124,2180.0,2567.135498046875,-387.135498046875,-15.080446604451343,Highly Affordable
Orlando,32798,1131.0,1510.4329376220703,-379.4329376220703,-25.120806635707073,Highly Affordable
Orlando,32784,1020.0,1396.3566284179688,-376.3566284179687,-26.952758396998462,Highly Affordable
Denver,80102,1421.0,1793.7187576293943,-372.7187576293946,-20.779107986916816,Highly Affordable
SanFrancisco,94602,1996.0,2354.2905349731445,-358.29053497314453,-15.21862020216768,Highly Affordable
Philadelphia,18076,983.0,1333.000457763672,-350.0004577636719,-26.25658946515707,Highly Affordable
Denver,80007,2714.0,3063.3282470703125,-349.3282470703125,-11.403552570783134,Highly Affordable
Nashville,37228,1518.0,1866.8055419921875,-348.8055419921875,-18.684621089133625,Highly Affordable
Denver,80701,1088.0,1430.7427978515625,-342.7427978515625,-23.955584355639132,Highly Affordable
SanFrancisco,95219,1985.0,2324.8235626220703,-339.8235626220703,-14.617176463868839,Highly Affordable
Nashville,38474,774.0,1099.7350463867188,-325.73504638671875,-29.619411280649043,Highly Affordable
Miami,33010,1394.0,1716.9075012207031,-322.9075012207031,-18.807507159885976,Highly Affordable
SanFrancisco,94945,2326.0,2646.0586853027344,-320.0586853027344,-12.095675998437526,Highly Affordable
Denver,80045,2042.0,2360.4808959960938,-318.48089599609375,-13.492203920663325,Highly Affordable
SanFrancisco,94525,2287.0,2603.965202331543,-316.96520233154297,-12.17240545487083,Highly Affordable
Denver,80224,1670.0,1982.49503326416,-312.49503326416016,-15.762714560229691,Highly Affordable
SanFrancisco,94109,2177.0,2489.2891569137573,-312.2891569137573,-12.54531463516019,Highly Affordable
Orlando,34753,1529.0,1821.486671447754,-292.4866714477539,-16.057579560287405,Highly Affordable
Miami,33430,890.0,1171.2196655273438,-281.21966552734375,-24.010838769576505,Highly Affordable
Indianapolis,46186,485.0,764.8202514648438,-279.82025146484375,-36.58640718899768,Highly Affordable
Denver,80452,1524.0,1802.9792098999023,-278.97920989990234,-15.473234986186595,Highly Affordable
Nashville,37181,554.0,830.1154174804688,-276.11541748046875,-33.26229240730435,Highly Affordable
Jacksonville,32207,1266.0,1541.3147354125977,-275.31473541259766,-17.86233071591949,Highly Affordable
Denver,80237,1929.0,2203.5054931640625,-274.5054931640625,-12.457672286983682,Highly Affordable
SanFrancisco,94952,2278.0,2549.23836517334,-271.23836517333984,-10.639976585904572,Highly Affordable
Nashville,38563,855.0,1123.625946044922,-268.6259460449219,-23.907061508366265,Highly Affordable
SanFrancisco,94609,2222.0,2488.380902290344,-266.38090229034424,-10.704989016961317,Highly Affordable
Denver,80209,2031.0,2296.2503967285156,-265.2503967285156,-11.55145785086939,Highly Affordable
Orlando,32159,1401.0,1663.2182502746582,-262.2182502746582,-15.765715066640013,Highly Affordable
Tampa,34689,1289.0,1546.2610168457031,-257.2610168457031,-16.637619007591812,Highly Affordable
SanFrancisco,94134,1874.0,2129.7876586914062,-255.78765869140625,-12.010007553925279,Highly Affordable
Philadelphia,19475,1010.0,1257.0230255126953,-247.0230255126953,-19.651432034185955,Highly Affordable
Orlando,32771,1707.0,1951.0811309814453,-244.0811309814453,-12.51004517985708,Highly Affordable
Nashville,37085,978.0,1218.3637466430664,-240.3637466430664,-19.728406012189375,Highly Affordable
Jacksonville,32217,1261.0,1500.2365231513977,-239.2365231513977,-15.946587052077449,Highly Affordable
Miami,33130,1792.0,2029.1199340820312,-237.11993408203125,-11.685851097278963,Highly Affordable
Denver,80222,1782.0,2013.278778076172,-231.27877807617188,-11.487667808090386,Highly Affordable
Denver,80120,1672.0,1903.0861721038816,-231.08617210388184,-12.142706698794079,Highly Affordable
Denver,80401,1939.0,2168.8783264160156,-229.8783264160156,-10.598949863447633,Highly Affordable
Indianapolis,46111,587.0,811.889404296875,-224.889404296875,-27.699512163437728,Highly Affordable
SanFrancisco,94612,1960.0,2184.8421020507812,-224.84210205078125,-10.291000060816081,Highly Affordable
Miami,33128,1452.0,1676.3928680419922,-224.3928680419922,-13.38545828485184,Highly Affordable
Philadelphia,19504,1219.0,1441.5945873260498,-222.5945873260498,-15.440858982339181,Highly Affordable
Denver,80828,893.0,1113.4949951171875,-220.4949951171875,-19.802064318572167,Highly Affordable
Denver,80111,2093.0,2311.340789794922,-218.34078979492188,-9.446499224992893,Highly Affordable
Miami,33401,1776.0,1994.104637145996,-218.1046371459961,-10.937472040491917,Highly Affordable
SanFrancisco,94516,1292.0,1510.098876953125,-218.098876953125,-14.44268850746884,Highly Affordable
Miami,33066,1724.0,1937.7098217010496,-213.7098217010498,-11.028989960604175,Highly Affordable
Tampa,34669,1330.0,1542.0966033935547,-212.0966033935547,-13.753781891926392,Highly Affordable
Denver,80002,1824.0,2035.875946044922,-211.87594604492188,-10.407114758467054,Highly Affordable
Jacksonville,32205,1263.0,1473.040557861328,-210.04055786132812,-14.25897995410805,Highly Affordable
SanFrancisco,94561,1952.0,2161.203125,-209.203125,-9.679938113174808,Highly Affordable
Orlando,32805,1204.0,1413.201202392578,-209.20120239257812,-14.8033558164539,Highly Affordable
Denver,80421,1962.0,2168.8414306640625,-206.8414306640625,-9.536954972348125,Highly Affordable
Miami,33143,1928.0,2133.5178833007812,-205.51788330078125,-9.63281746590392,Highly Affordable
Orlando,32726,1141.0,1344.6748962402344,-203.6748962402344,-15.146776132261982,Highly Affordable
Nashville,37012,749.0,952.1705322265624,-203.1705322265625,-21.33762024240207,Highly Affordable
Tampa,34614,978.0,1180.4862670898438,-202.48626708984375,-17.15278463925011,Highly Affordable
Orlando,34748,1294.0,1493.9713745117188,-199.97137451171875,-13.385221291611177,Highly Affordable
Tampa,33629,1891.0,2087.9183959960938,-196.91839599609375,-9.43132626130002,Highly Affordable
Philadelphia,18074,1250.0,1445.9623889923096,-195.96238899230957,-13.552384936435011,Highly Affordable
Denver,80212,1799.0,1990.4361038208008,-191.4361038208008,-9.617796997016079,Highly Affordable
Denver,80808,959.0,1147.7528686523438,-188.75286865234375,-16.445427740378605,Highly Affordable
Philadelphia,18960,1362.0,1550.368667602539,-188.36866760253903,-12.149927403643213,Highly Affordable
Tampa,33534,1452.0,1638.120042800903,-186.12004280090332,-11.361807311915316,Highly Affordable
Denver,80016,2195.0,2378.004943847656,-183.00494384765625,-7.69573437267758,Highly Affordable
Orlando,34715,2050.0,2232.7261352539062,-182.72613525390625,-8.18399231185273,Highly Affordable
Orlando,32720,1368.0,1550.3539123535156,-182.3539123535156,-11.762082896071977,Highly Affordable
Denver,80023,2124.0,2306.231170654297,-182.23117065429688,-7.901687089009226,Highly Affordable
Denver,80109,2304.0,2485.76904296875,-181.76904296875,-7.312386622679294,Highly Affordable
Nashville,37145,729.0,909.3406677246094,-180.34066772460935,-19.832024908317955,Highly Affordable
Indianapolis,46035,821.0,1001.2560272216796,-180.2560272216797,-18.0029904760584,Highly Affordable
Philadelphia,19440,1442.0,1620.3542175292969,-178.35421752929688,-11.00711286457167,Highly Affordable
Philadelphia,18036,1342.0,1519.867259979248,-177.86725997924805,-11.702815414398533,Highly Affordable
SanFrancisco,94580,2274.0,2450.9359703063965,-176.93597030639648,-7.2191184286335055,Highly Affordable
Miami,33156,1951.0,2127.045623779297,-176.04562377929688,-8.276532567576155,Highly Affordable
SanFrancisco,94556,2906.0,3078.060546875,-172.060546875,-5.5899013113853275,Highly Affordable
Denver,80260,1642.0,1812.1204833984375,-170.1204833984375,-9.387923427662756,Highly Affordable
Orlando,34705,1147.0,1316.4358520507812,-169.43585205078125,-12.870802005796882,Highly Affordable
Tampa,33558,1672.0,1841.206024169922,-169.20602416992188,-9.189956036897373,Highly Affordable
Denver,80232,1732.0,1900.5760345458984,-168.57603454589844,-8.869733779747255,Highly Affordable
SanFrancisco,94577,2242.0,2409.8737030029297,-167.8737030029297,-6.9660788776500295,Highly Affordable
Tampa,33541,1233.0,1400.4846649169922,-167.4846649169922,-11.959050256856553,Highly Affordable
Philadelphia,19709,1599.0,1765.314208984375,-166.314208984375,-9.421224172894371,Highly Affordable
Orlando,32829,1970.0,2135.254425048828,-165.25442504882812,-7.739331814991984,Highly Affordable
Philadelphia,8084,1190.0,1353.8424758911133,-163.84247589111328,-12.102033937387764,Highly Affordable
Miami,33330,2641.0,2803.008544921875,-162.008544921875,-5.7798091702353505,Highly Affordable
Miami,33027,1832.0,1993.6645278930664,-161.6645278930664,-8.10891329164169,Highly Affordable
Denver,80228,1916.0,2076.5677032470703,-160.5677032470703,-7.73236061583714,Highly Affordable
Philadelphia,19362,1144.0,1302.9250946044922,-158.9250946044922,-12.197561875399638,Highly Affordable
Charlotte,28677,887.0,1045.6582641601562,-158.65826416015625,-15.173051234629334,Highly Affordable
Jacksonville,32034,1605.0,1762.774887084961,-157.77488708496094,-8.950370704785099,Highly Affordable
Orlando,34772,2016.0,2172.8612060546875,-156.8612060546875,-7.2191084095750355,Highly Affordable
Miami,33060,1452.0,1608.047882080078,-156.04788208007812,-9.704181313197191,Highly Affordable
Jacksonville,27260,1513.0,1667.2926330566406,-154.29263305664062,-9.254082336690745,Highly Affordable
Denver,80126,2550.0,2703.0964965820312,-153.09649658203125,-5.663745144711493,Highly Affordable
SanFrancisco,94904,2712.0,2864.169891357422,-152.16989135742188,-5.312879372714295,Highly Affordable
Orlando,32779,1981.0,2132.2706298828125,-151.2706298828125,-7.094344768568433,Highly Affordable
Tampa,34691,1224.0,1375.0518188476562,-151.05181884765625,-10.98517283328589,Highly Affordable
Jacksonville,32068,1391.0,1541.1487655639648,-150.14876556396484,-9.742652294116441,Highly Affordable
Charlotte,29058,768.0,916.83349609375,-148.83349609375,-16.23342697751208,Highly Affordable
Tampa,33525,1099.0,1247.4871826171875,-148.4871826171875,-11.902902465552089,Highly Affordable
Nashville,37087,1196.0,1343.5861644744873,-147.5861644744873,-10.98449570089256,Highly Affordable
SanFrancisco,94124,1336.0,1481.6376342773438,-145.63763427734375,-9.829504253135232,Highly Affordable
Philadelphia,21903,916.0,1061.1804504394531,-145.18045043945312,-13.681033266239629,Highly Affordable
Denver,80438,1444.0,1588.7496337890625,-144.7496337890625,-9.110915320486605,Highly Affordable
Philadelphia,19015,1222.0,1365.4342041015625,-143.4342041015625,-10.504658786978336,Highly Affordable
Philadelphia,19013,1099.0,1241.1438293457031,-142.14382934570312,-11.45264762913396,Highly Affordable
Denver,80835,1042.0,1183.1466674804688,-141.14666748046875,-11.929769263606431,Highly Affordable
Tampa,33702,1465.0,1605.9166069030762,-140.91660690307617,-8.77483963347426,Highly Affordable
Philadelphia,19805,1215.0,1355.6668395996094,-140.66683959960938,-10.376210104921851,Highly Affordable
Philadelphia,19525,1202.0,1342.212417602539,-140.21241760253906,-10.446365699177973,Highly Affordable
Orlando,32703,1676.0,1815.6161651611328,-139.6161651611328,-7.689740146631825,Highly Affordable
Orlando,32833,1507.0,1646.2745971679688,-139.27459716796875,-8.459985801126871,Highly Affordable
Philadelphia,19151,1189.0,1327.8320770263672,-138.8320770263672,-10.455544750604059,Highly Affordable
Miami,33167,1425.0,1562.1282958984375,-137.1282958984375,-8.778299212586118,Highly Affordable
Miami,33020,1536.0,1672.2918243408203,-136.2918243408203,-8.15000243121702,Highly Affordable
Philadelphia,8083,1185.0,1321.2909545898438,-136.29095458984375,-10.314984305039104,Highly Affordable
SanFrancisco,94618,2580.0,2715.589813232422,-135.58981323242188,-4.99301524006774,Highly Affordable
Denver,19740,1874.0,2008.5433959960935,-134.54339599609375,-6.698555593287038,Highly Affordable
Orlando,32806,1552.0,1685.524356842041,-133.52435684204102,-7.921828972688898,Highly Affordable
Denver,80422,1719.0,1851.8728408813477,-132.87284088134766,-7.175052085007656,Highly Affordable
Miami,33035,1958.0,2090.835968017578,-132.83596801757812,-6.353246741949167,Highly Affordable
Philadelphia,19520,1079.0,1211.6687316894531,-132.66873168945312,-10.949257682375821,Highly Affordable
Tampa,33592,1150.0,1282.1590270996094,-132.15902709960938,-10.307537856561229,Highly Affordable
Denver,80112,2043.0,2175.1412963867188,-132.14129638671875,-6.075067243044304,Highly Affordable
SanFrancisco,94610,2209.0,2340.678726196289,-131.67872619628906,-5.625664245270989,Highly Affordable
SanFrancisco,94019,2028.0,2158.21484375,-130.21484375,-6.033451402073835,Highly Affordable
Tampa,33604,1412.0,1540.0852355957031,-128.08523559570312,-8.316762776195299,Highly Affordable
Miami,33441,1655.0,1782.0184936523438,-127.01849365234376,-7.127787624246955,Highly Affordable
Denver,80033,1587.0,1712.4613189697266,-125.46131896972656,-7.326373891190036,Highly Affordable
Tampa,33603,1518.0,1642.392841339111,-124.39284133911131,-7.573878685302152,Highly Affordable
Orlando,32832,2314.0,2437.2604370117188,-123.26043701171876,-5.057335487825264,Highly Affordable
SanFrancisco,94020,1715.0,1837.549865722656,-122.54986572265624,-6.6691994600353794,Highly Affordable
Denver,80134,2118.0,2240.3796997070312,-122.37969970703124,-5.462453517278099,Highly Affordable
Tampa,33548,1975.0,2097.040771484375,-122.040771484375,-5.819666128760545,Highly Affordable
Charlotte,29055,819.0,939.8595886230468,-120.85958862304688,-12.8593238911478,Highly Affordable
Orlando,34771,1822.0,1942.6398620605469,-120.63986206054688,-6.210099175695122,Highly Affordable
Tampa,33527,968.0,1088.5247192382812,-120.52471923828124,-11.072299701436364,Highly Affordable
Tampa,33542,1141.0,1261.4279479980469,-120.42794799804688,-9.546954163269683,Highly Affordable
SanFrancisco,94102,1536.0,1654.9774169921875,-118.9774169921875,-7.189065891208421,Highly Affordable
Denver,80439,1962.0,2079.98876953125,-117.98876953125,-5.6725676243838645,Highly Affordable
Philadelphia,8518,1359.0,1476.89532661438,-117.89532661437988,-7.982646060952874,Highly Affordable
Miami,33308,1851.0,1968.5923538208008,-117.59235382080078,-5.973423273364249,Highly Affordable
Philadelphia,8045,1073.0,1190.407257080078,-117.40725708007812,-9.862780689699727,Highly Affordable
Austin,78666,1319.0,1436.122428894043,-117.12242889404295,-8.155462691592309,Highly Affordable
Austin,78666,1319.0,1436.122428894043,-117.12242889404295,-8.155462691592309,Highly Affordable
Austin,78666,1319.0,1436.122428894043,-117.12242889404295,-8.155462691592309,Highly Affordable
Austin,78666,1319.0,1436.122428894043,-117.12242889404295,-8.155462691592309,Highly Affordable
Austin,78666,1319.0,1436.122428894043,-117.12242889404295,-8.155462691592309,Highly Affordable
Austin,78666,1319.0,1436.122428894043,-117.12242889404295,-8.155462691592309,Highly Affordable
Austin,78666,1319.0,1436.122428894043,-117.12242889404295,-8.155462691592309,Highly Affordable
Austin,78666,1319.0,1436.122428894043,-117.12242889404295,-8.155462691592309,Highly Affordable
Austin,78666,1319.0,1436.122428894043,-117.12242889404295,-8.155462691592309,Highly Affordable
Austin,78666,1319.0,1436.122428894043,-117.12242889404295,-8.155462691592309,Highly Affordable
Austin,78666,1319.0,1436.122428894043,-117.12242889404295,-8.155462691592309,Highly Affordable
Austin,78666,1319.0,1436.122428894043,-117.12242889404295,-8.155462691592309,Highly Affordable
Austin,78666,1319.0,1436.122428894043,-117.12242889404295,-8.155462691592309,Highly Affordable
Austin,78666,1319.0,1436.122428894043,-117.12242889404295,-8.155462691592309,Highly Affordable
Austin,78666,1319.0,1436.122428894043,-117.12242889404295,-8.155462691592309,Highly Affordable
Austin,78666,1319.0,1436.122428894043,-117.12242889404295,-8.155462691592309,Highly Affordable
Austin,78666,1319.0,1436.122428894043,-117.12242889404295,-8.155462691592309,Highly Affordable
Austin,78666,1319.0,1436.122428894043,-117.12242889404295,-8.155462691592309,Highly Affordable
Austin,78666,1319.0,1436.122428894043,-117.12242889404295,-8.155462691592309,Highly Affordable
Austin,78666,1319.0,1436.122428894043,-117.12242889404295,-8.155462691592309,Highly Affordable
Austin,78666,1319.0,1436.122428894043,-117.12242889404295,-8.155462691592309,Highly Affordable
Austin,78666,1319.0,1436.122428894043,-117.12242889404295,-8.155462691592309,Highly Affordable
Austin,78666,1319.0,1436.122428894043,-117.12242889404295,-8.155462691592309,Highly Affordable
Austin,78666,1319.0,1436.122428894043,-117.12242889404295,-8.155462691592309,Highly Affordable
Austin,78666,1319.0,1436.122428894043,-117.12242889404295,-8.155462691592309,Highly Affordable
Austin,78666,1319.0,1436.122428894043,-117.12242889404295,-8.155462691592309,Highly Affordable
Austin,78666,1319.0,1436.122428894043,-117.12242889404295,-8.155462691592309,Highly Affordable
Austin,78666,1319.0,1436.122428894043,-117.12242889404295,-8.155462691592309,Highly Affordable
Austin,78666,1319.0,1436.122428894043,-117.12242889404295,-8.155462691592309,Highly Affordable
Austin,78666,1319.0,1436.122428894043,-117.12242889404295,-8.155462691592309,Highly Affordable
Austin,78666,1319.0,1436.122428894043,-117.12242889404295,-8.155462691592309,Highly Affordable
Austin,78666,1319.0,1436.122428894043,-117.12242889404295,-8.155462691592309,Highly Affordable
Austin,78666,1319.0,1436.122428894043,-117.12242889404295,-8.155462691592309,Highly Affordable
Austin,78666,1319.0,1436.122428894043,-117.12242889404295,-8.155462691592309,Highly Affordable
Austin,78666,1319.0,1436.122428894043,-117.12242889404295,-8.155462691592309,Highly Affordable
Austin,78666,1319.0,1436.122428894043,-117.12242889404295,-8.155462691592309,Highly Affordable
Austin,78666,1319.0,1436.122428894043,-117.12242889404295,-8.155462691592309,Highly Affordable
Austin,78666,1319.0,1436.122428894043,-117.12242889404295,-8.155462691592309,Highly Affordable
Austin,78666,1319.0,1436.122428894043,-117.12242889404295,-8.155462691592309,Highly Affordable
Austin,78666,1319.0,1436.122428894043,-117.12242889404295,-8.155462691592309,Highly Affordable
Austin,78666,1319.0,1436.122428894043,-117.12242889404295,-8.155462691592309,Highly Affordable
Austin,78666,1319.0,1436.122428894043,-117.12242889404295,-8.155462691592309,Highly Affordable
Austin,78666,1319.0,1436.122428894043,-117.12242889404295,-8.155462691592309,Highly Affordable
Austin,78666,1319.0,1436.122428894043,-117.12242889404295,-8.155462691592309,Highly Affordable
Austin,78666,1319.0,1436.122428894043,-117.12242889404295,-8.155462691592309,Highly Affordable
Austin,78666,1319.0,1436.122428894043,-117.12242889404295,-8.155462691592309,Highly Affordable
Austin,78666,1319.0,1436.122428894043,-117.12242889404295,-8.155462691592309,Highly Affordable
Austin,78666,1319.0,1436.122428894043,-117.12242889404295,-8.155462691592309,Highly Affordable
Austin,78666,1319.0,1436.122428894043,-117.12242889404295,-8.155462691592309,Highly Affordable
Austin,78666,1319.0,1436.122428894043,-117.12242889404295,-8.155462691592309,Highly Affordable
Austin,78666,1319.0,1436.122428894043,-117.12242889404295,-8.155462691592309,Highly Affordable
Austin,78666,1319.0,1436.122428894043,-117.12242889404295,-8.155462691592309,Highly Affordable
Austin,78666,1319.0,1436.122428894043,-117.12242889404295,-8.155462691592309,Highly Affordable
Austin,78666,1319.0,1436.122428894043,-117.12242889404295,-8.155462691592309,Highly Affordable
Austin,78666,1319.0,1436.122428894043,-117.12242889404295,-8.155462691592309,Highly Affordable
Austin,78666,1319.0,1436.122428894043,-117.12242889404295,-8.155462691592309,Highly Affordable
Austin,78666,1319.0,1436.122428894043,-117.12242889404295,-8.155462691592309,Highly Affordable
Austin,78666,1319.0,1436.122428894043,-117.12242889404295,-8.155462691592309,Highly Affordable
Austin,78666,1319.0,1436.122428894043,-117.12242889404295,-8.155462691592309,Highly Affordable
Austin,78666,1319.0,1436.122428894043,-117.12242889404295,-8.155462691592309,Highly Affordable
Austin,78666,1319.0,1436.122428894043,-117.12242889404295,-8.155462691592309,Highly Affordable
Austin,78666,1319.0,1436.122428894043,-117.12242889404295,-8.155462691592309,Highly Affordable
Austin,78666,1319.0,1436.122428894043,-117.12242889404295,-8.155462691592309,Highly Affordable
Austin,78666,1319.0,1436.122428894043,-117.12242889404295,-8.155462691592309,Highly Affordable
Orlando,32801,1851.0,1965.825210571289,-114.82521057128906,-5.841069183252547,Highly Affordable
Denver,80022,1698.0,1812.5611877441409,-114.56118774414062,-6.320403885880401,Highly Affordable
Jacksonville,32206,860.0,974.5359497070312,-114.53594970703124,-11.752870660283335,Highly Affordable
SanFrancisco,94611,2303.0,2417.054630279541,-114.05463027954102,-4.718744411099644,Highly Affordable
Nashville,37066,1391.0,1504.9076232910156,-113.90762329101562,-7.569077432268973,Highly Affordable
Austin,78655,1093.0,1206.4760208129885,-113.47602081298828,-9.405576145352812,Highly Affordable
Austin,78655,1093.0,1206.4760208129885,-113.47602081298828,-9.405576145352812,Highly Affordable
Austin,78655,1093.0,1206.4760208129885,-113.47602081298828,-9.405576145352812,Highly Affordable
Austin,78655,1093.0,1206.4760208129885,-113.47602081298828,-9.405576145352812,Highly Affordable
Austin,78655,1093.0,1206.4760208129885,-113.47602081298828,-9.405576145352812,Highly Affordable
Austin,78655,1093.0,1206.4760208129885,-113.47602081298828,-9.405576145352812,Highly Affordable
Austin,78655,1093.0,1206.4760208129885,-113.47602081298828,-9.405576145352812,Highly Affordable
Austin,78655,1093.0,1206.4760208129885,-113.47602081298828,-9.405576145352812,Highly Affordable
Austin,78655,1093.0,1206.4760208129885,-113.47602081298828,-9.405576145352812,Highly Affordable
Austin,78655,1093.0,1206.4760208129885,-113.47602081298828,-9.405576145352812,Highly Affordable
Austin,78655,1093.0,1206.4760208129885,-113.47602081298828,-9.405576145352812,Highly Affordable
Austin,78655,1093.0,1206.4760208129885,-113.47602081298828,-9.405576145352812,Highly Affordable
Austin,78655,1093.0,1206.4760208129885,-113.47602081298828,-9.405576145352812,Highly Affordable
Austin,78655,1093.0,1206.4760208129885,-113.47602081298828,-9.405576145352812,Highly Affordable
Austin,78655,1093.0,1206.4760208129885,-113.47602081298828,-9.405576145352812,Highly Affordable
Austin,78655,1093.0,1206.4760208129885,-113.47602081298828,-9.405576145352812,Highly Affordable
Austin,78655,1093.0,1206.4760208129885,-113.47602081298828,-9.405576145352812,Highly Affordable
Austin,78655,1093.0,1206.4760208129885,-113.47602081298828,-9.405576145352812,Highly Affordable
Austin,78655,1093.0,1206.4760208129885,-113.47602081298828,-9.405576145352812,Highly Affordable
Austin,78655,1093.0,1206.4760208129885,-113.47602081298828,-9.405576145352812,Highly Affordable
Austin,78655,1093.0,1206.4760208129885,-113.47602081298828,-9.405576145352812,Highly Affordable
Austin,78655,1093.0,1206.4760208129885,-113.47602081298828,-9.405576145352812,Highly Affordable
Austin,78655,1093.0,1206.4760208129885,-113.47602081298828,-9.405576145352812,Highly Affordable
Austin,78655,1093.0,1206.4760208129885,-113.47602081298828,-9.405576145352812,Highly Affordable
Austin,78655,1093.0,1206.4760208129885,-113.47602081298828,-9.405576145352812,Highly Affordable
Austin,78655,1093.0,1206.4760208129885,-113.47602081298828,-9.405576145352812,Highly Affordable
Austin,78655,1093.0,1206.4760208129885,-113.47602081298828,-9.405576145352812,Highly Affordable
Austin,78655,1093.0,1206.4760208129885,-113.47602081298828,-9.405576145352812,Highly Affordable
Austin,78655,1093.0,1206.4760208129885,-113.47602081298828,-9.405576145352812,Highly Affordable
Austin,78655,1093.0,1206.4760208129885,-113.47602081298828,-9.405576145352812,Highly Affordable
Austin,78655,1093.0,1206.4760208129885,-113.47602081298828,-9.405576145352812,Highly Affordable
Austin,78655,1093.0,1206.4760208129885,-113.47602081298828,-9.405576145352812,Highly Affordable
Austin,78655,1093.0,1206.4760208129885,-113.47602081298828,-9.405576145352812,Highly Affordable
Austin,78655,1093.0,1206.4760208129885,-113.47602081298828,-9.405576145352812,Highly Affordable
Austin,78655,1093.0,1206.4760208129885,-113.47602081298828,-9.405576145352812,Highly Affordable
Austin,78655,1093.0,1206.4760208129885,-113.47602081298828,-9.405576145352812,Highly Affordable
Austin,78655,1093.0,1206.4760208129885,-113.47602081298828,-9.405576145352812,Highly Affordable
Austin,78655,1093.0,1206.4760208129885,-113.47602081298828,-9.405576145352812,Highly Affordable
Austin,78655,1093.0,1206.4760208129885,-113.47602081298828,-9.405576145352812,Highly Affordable
Austin,78655,1093.0,1206.4760208129885,-113.47602081298828,-9.405576145352812,Highly Affordable
Austin,78655,1093.0,1206.4760208129885,-113.47602081298828,-9.405576145352812,Highly Affordable
Austin,78655,1093.0,1206.4760208129885,-113.47602081298828,-9.405576145352812,Highly Affordable
Austin,78655,1093.0,1206.4760208129885,-113.47602081298828,-9.405576145352812,Highly Affordable
Austin,78655,1093.0,1206.4760208129885,-113.47602081298828,-9.405576145352812,Highly Affordable
Austin,78655,1093.0,1206.4760208129885,-113.47602081298828,-9.405576145352812,Highly Affordable
Austin,78655,1093.0,1206.4760208129885,-113.47602081298828,-9.405576145352812,Highly Affordable
Austin,78655,1093.0,1206.4760208129885,-113.47602081298828,-9.405576145352812,Highly Affordable
Austin,78655,1093.0,1206.4760208129885,-113.47602081298828,-9.405576145352812,Highly Affordable
Austin,78655,1093.0,1206.4760208129885,-113.47602081298828,-9.405576145352812,Highly Affordable
Austin,78655,1093.0,1206.4760208129885,-113.47602081298828,-9.405576145352812,Highly Affordable
Austin,78655,1093.0,1206.4760208129885,-113.47602081298828,-9.405576145352812,Highly Affordable
Austin,78655,1093.0,1206.4760208129885,-113.47602081298828,-9.405576145352812,Highly Affordable
Austin,78655,1093.0,1206.4760208129885,-113.47602081298828,-9.405576145352812,Highly Affordable
Austin,78655,1093.0,1206.4760208129885,-113.47602081298828,-9.405576145352812,Highly Affordable
Austin,78655,1093.0,1206.4760208129885,-113.47602081298828,-9.405576145352812,Highly Affordable
Austin,78655,1093.0,1206.4760208129885,-113.47602081298828,-9.405576145352812,Highly Affordable
Austin,78655,1093.0,1206.4760208129885,-113.47602081298828,-9.405576145352812,Highly Affordable
Austin,78655,1093.0,1206.4760208129885,-113.47602081298828,-9.405576145352812,Highly Affordable
Austin,78655,1093.0,1206.4760208129885,-113.47602081298828,-9.405576145352812,Highly Affordable
Austin,78655,1093.0,1206.4760208129885,-113.47602081298828,-9.405576145352812,Highly Affordable
Austin,78655,1093.0,1206.4760208129885,-113.47602081298828,-9.405576145352812,Highly Affordable
Austin,78655,1093.0,1206.4760208129885,-113.47602081298828,-9.405576145352812,Highly Affordable
Austin,78655,1093.0,1206.4760208129885,-113.47602081298828,-9.405576145352812,Highly Affordable
Austin,78655,1093.0,1206.4760208129885,-113.47602081298828,-9.405576145352812,Highly Affordable
Philadelphia,19405,1192.0,1305.0452117919922,-113.0452117919922,-8.662168235287943,Highly Affordable
Denver,80106,1219.0,1331.0580444335938,-112.05804443359376,-8.418719596956263,Highly Affordable
Nashville,37090,1493.0,1603.8240966796875,-110.8240966796875,-6.909990747060153,Highly Affordable
Tampa,33714,1373.0,1483.7422485351562,-110.74224853515624,-7.463712019017316,Highly Affordable
SanFrancisco,94621,1551.0,1661.2896118164062,-110.28961181640624,-6.638795007922715,Highly Affordable
Austin,78648,1038.0,1148.202178955078,-110.20217895507812,-9.597802632230474,Highly Affordable
Austin,78648,1038.0,1148.202178955078,-110.20217895507812,-9.597802632230474,Highly Affordable
Austin,78648,1038.0,1148.202178955078,-110.20217895507812,-9.597802632230474,Highly Affordable
Austin,78648,1038.0,1148.202178955078,-110.20217895507812,-9.597802632230474,Highly Affordable
Austin,78648,1038.0,1148.202178955078,-110.20217895507812,-9.597802632230474,Highly Affordable
Austin,78648,1038.0,1148.202178955078,-110.20217895507812,-9.597802632230474,Highly Affordable
Austin,78648,1038.0,1148.202178955078,-110.20217895507812,-9.597802632230474,Highly Affordable
Austin,78648,1038.0,1148.202178955078,-110.20217895507812,-9.597802632230474,Highly Affordable
Austin,78648,1038.0,1148.202178955078,-110.20217895507812,-9.597802632230474,Highly Affordable
Austin,78648,1038.0,1148.202178955078,-110.20217895507812,-9.597802632230474,Highly Affordable
Austin,78648,1038.0,1148.202178955078,-110.20217895507812,-9.597802632230474,Highly Affordable
Austin,78648,1038.0,1148.202178955078,-110.20217895507812,-9.597802632230474,Highly Affordable
Austin,78648,1038.0,1148.202178955078,-110.20217895507812,-9.597802632230474,Highly Affordable
Austin,78648,1038.0,1148.202178955078,-110.20217895507812,-9.597802632230474,Highly Affordable
Austin,78648,1038.0,1148.202178955078,-110.20217895507812,-9.597802632230474,Highly Affordable
Austin,78648,1038.0,1148.202178955078,-110.20217895507812,-9.597802632230474,Highly Affordable
Austin,78648,1038.0,1148.202178955078,-110.20217895507812,-9.597802632230474,Highly Affordable
Austin,78648,1038.0,1148.202178955078,-110.20217895507812,-9.597802632230474,Highly Affordable
Austin,78648,1038.0,1148.202178955078,-110.20217895507812,-9.597802632230474,Highly Affordable
Austin,78648,1038.0,1148.202178955078,-110.20217895507812,-9.597802632230474,Highly Affordable
Austin,78648,1038.0,1148.202178955078,-110.20217895507812,-9.597802632230474,Highly Affordable
Austin,78648,1038.0,1148.202178955078,-110.20217895507812,-9.597802632230474,Highly Affordable
Austin,78648,1038.0,1148.202178955078,-110.20217895507812,-9.597802632230474,Highly Affordable
Austin,78648,1038.0,1148.202178955078,-110.20217895507812,-9.597802632230474,Highly Affordable
Austin,78648,1038.0,1148.202178955078,-110.20217895507812,-9.597802632230474,Highly Affordable
Austin,78648,1038.0,1148.202178955078,-110.20217895507812,-9.597802632230474,Highly Affordable
Austin,78648,1038.0,1148.202178955078,-110.20217895507812,-9.597802632230474,Highly Affordable
Austin,78648,1038.0,1148.202178955078,-110.20217895507812,-9.597802632230474,Highly Affordable
Austin,78648,1038.0,1148.202178955078,-110.20217895507812,-9.597802632230474,Highly Affordable
Austin,78648,1038.0,1148.202178955078,-110.20217895507812,-9.597802632230474,Highly Affordable
Austin,78648,1038.0,1148.202178955078,-110.20217895507812,-9.597802632230474,Highly Affordable
Austin,78648,1038.0,1148.202178955078,-110.20217895507812,-9.597802632230474,Highly Affordable
Austin,78648,1038.0,1148.202178955078,-110.20217895507812,-9.597802632230474,Highly Affordable
Austin,78648,1038.0,1148.202178955078,-110.20217895507812,-9.597802632230474,Highly Affordable
Austin,78648,1038.0,1148.202178955078,-110.20217895507812,-9.597802632230474,Highly Affordable
Austin,78648,1038.0,1148.202178955078,-110.20217895507812,-9.597802632230474,Highly Affordable
Austin,78648,1038.0,1148.202178955078,-110.20217895507812,-9.597802632230474,Highly Affordable
Austin,78648,1038.0,1148.202178955078,-110.20217895507812,-9.597802632230474,Highly Affordable
Austin,78648,1038.0,1148.202178955078,-110.20217895507812,-9.597802632230474,Highly Affordable
Austin,78648,1038.0,1148.202178955078,-110.20217895507812,-9.597802632230474,Highly Affordable
Austin,78648,1038.0,1148.202178955078,-110.20217895507812,-9.597802632230474,Highly Affordable
Austin,78648,1038.0,1148.202178955078,-110.20217895507812,-9.597802632230474,Highly Affordable
Austin,78648,1038.0,1148.202178955078,-110.20217895507812,-9.597802632230474,Highly Affordable
Austin,78648,1038.0,1148.202178955078,-110.20217895507812,-9.597802632230474,Highly Affordable
Austin,78648,1038.0,1148.202178955078,-110.20217895507812,-9.597802632230474,Highly Affordable
Austin,78648,1038.0,1148.202178955078,-110.20217895507812,-9.597802632230474,Highly Affordable
Austin,78648,1038.0,1148.202178955078,-110.20217895507812,-9.597802632230474,Highly Affordable
Austin,78648,1038.0,1148.202178955078,-110.20217895507812,-9.597802632230474,Highly Affordable
Austin,78648,1038.0,1148.202178955078,-110.20217895507812,-9.597802632230474,Highly Affordable
Austin,78648,1038.0,1148.202178955078,-110.20217895507812,-9.597802632230474,Highly Affordable
Austin,78648,1038.0,1148.202178955078,-110.20217895507812,-9.597802632230474,Highly Affordable
Austin,78648,1038.0,1148.202178955078,-110.20217895507812,-9.597802632230474,Highly Affordable
Austin,78648,1038.0,1148.202178955078,-110.20217895507812,-9.597802632230474,Highly Affordable
Austin,78648,1038.0,1148.202178955078,-110.20217895507812,-9.597802632230474,Highly Affordable
Austin,78648,1038.0,1148.202178955078,-110.20217895507812,-9.597802632230474,Highly Affordable
Austin,78648,1038.0,1148.202178955078,-110.20217895507812,-9.597802632230474,Highly Affordable
Austin,78648,1038.0,1148.202178955078,-110.20217895507812,-9.597802632230474,Highly Affordable
Austin,78648,1038.0,1148.202178955078,-110.20217895507812,-9.597802632230474,Highly Affordable
Austin,78648,1038.0,1148.202178955078,-110.20217895507812,-9.597802632230474,Highly Affordable
Austin,78648,1038.0,1148.202178955078,-110.20217895507812,-9.597802632230474,Highly Affordable
Austin,78648,1038.0,1148.202178955078,-110.20217895507812,-9.597802632230474,Highly Affordable
Austin,78648,1038.0,1148.202178955078,-110.20217895507812,-9.597802632230474,Highly Affordable
Austin,78648,1038.0,1148.202178955078,-110.20217895507812,-9.597802632230474,Highly Affordable
Austin,78648,1038.0,1148.202178955078,-110.20217895507812,-9.597802632230474,Highly Affordable
SanFrancisco,94805,2298.0,2407.9836349487305,-109.98363494873048,-4.567457741508788,Highly Affordable
Denver,80004,1825.0,1934.405876159668,-109.40587615966795,-5.655787004579874,Highly Affordable
Jacksonville,32040,1189.0,1298.1302490234375,-109.1302490234375,-8.406725681458731,Highly Affordable
SanFrancisco,94566,2642.0,2750.4336853027344,-108.43368530273438,-3.942421367297911,Highly Affordable
Denver,80220,1639.0,1747.276123046875,-108.276123046875,-6.196852438987413,Highly Affordable
Charlotte,29706,785.0,893.21533203125,-108.21533203125,-12.115256887178463,Highly Affordable
SanFrancisco,94579,2139.0,2246.622848510742,-107.6228485107422,-4.790427934180587,Highly Affordable
Denver,80203,1641.0,1747.8616409301758,-106.86164093017578,-6.113850114206192,Highly Affordable
Jacksonville,32216,1364.0,1470.3112831115725,-106.31128311157228,-7.230528958914681,Highly Affordable
Nashville,38401,1187.0,1293.286418914795,-106.28641891479492,-8.218320192674764,Highly Affordable
Denver,80832,1042.0,1148.2662963867188,-106.26629638671876,-9.25449930221847,Highly Affordable
SanFrancisco,94553,2317.0,2423.053524017334,-106.05352401733398,-4.37685436851189,Highly Affordable
Tampa,33578,1829.0,1935.0288696289065,-106.02886962890624,-5.479446394473697,Highly Affordable
Jacksonville,32234,1096.0,1201.7572631835938,-105.75726318359376,-8.800218348872765,Highly Affordable
Miami,33176,1774.0,1879.6006660461424,-105.60066604614258,-5.618250086508013,Highly Affordable
Philadelphia,19802,1227.0,1332.3813934326172,-105.3813934326172,-7.909251356409509,Highly Affordable
Miami,33032,1658.0,1763.3303680419922,-105.3303680419922,-5.973376852742087,Highly Affordable
Charlotte,28133,700.0,805.1531982421875,-105.1531982421875,-13.060023666521877,Highly Affordable
Denver,80129,2421.0,2526.1183471679688,-105.11834716796876,-4.161259795520545,Highly Affordable
Philadelphia,19034,1673.0,1777.889892578125,-104.889892578125,-5.899684396429284,Highly Affordable
Jacksonville,32256,1698.0,1802.0949096679688,-104.09490966796876,-5.776327823219255,Highly Affordable
Philadelphia,19072,1896.0,1999.4071044921875,-103.4071044921875,-5.171888419314734,Highly Affordable
Denver,80108,2044.0,2146.751220703125,-102.751220703125,-4.786359020654052,Highly Affordable
Orlando,34731,1286.0,1388.4960021972656,-102.49600219726562,-7.381800310196635,Highly Affordable
Philadelphia,8079,1113.0,1215.4813079833984,-102.48130798339844,-8.431335579600551,Highly Affordable
Tampa,34653,1248.0,1350.4757690429688,-102.47576904296876,-7.588123488923425,Highly Affordable
Philadelphia,8057,1734.0,1835.626007080078,-101.62600708007812,-5.5363133169884735,Highly Affordable
Denver,80215,1785.0,1886.0173892974856,-101.01738929748537,-5.356121840165689,Highly Affordable
Philadelphia,18955,1492.0,1592.2023391723633,-100.20233917236328,-6.2933169175250105,Highly Affordable
Jacksonville,32258,1928.0,2028.0823364257812,-100.08233642578124,-4.934826097946433,Highly Affordable
Denver,80019,1721.0,1819.905776977539,-98.90577697753906,-5.434664707850957,Affordable
Philadelphia,19124,1124.0,1222.5769805908203,-98.57698059082033,-8.063048965896789,Affordable
Jacksonville,32204,1167.0,1265.2278442382812,-98.22784423828124,-7.763648633374679,Affordable
Tampa,33713,1497.0,1595.175006866455,-98.17500686645508,-6.154497559443902,Affordable
Orlando,32789,1742.0,1840.118225097656,-98.11822509765624,-5.332169626897155,Affordable
Tampa,33774,1545.0,1642.7078495025637,-97.70784950256348,-5.947974835096263,Affordable
Tampa,33556,1841.0,1938.5095825195312,-97.50958251953124,-5.030131571121537,Affordable
SanFrancisco,94709,2042.0,2139.383575439453,-97.38357543945312,-4.551945549056086,Affordable
Miami,33316,2100.0,2196.920623779297,-96.92062377929688,-4.411657969351993,Affordable
Orlando,34744,1617.0,1713.407458305359,-96.40745830535889,-5.626651024427688,Affordable
Nashville,37035,791.0,886.0450134277344,-95.04501342773438,-10.726883170421027,Affordable
SanFrancisco,94601,1721.0,1815.882080078125,-94.882080078125,-5.225123432797072,Affordable
Denver,80003,1795.0,1889.5403842926023,-94.54038429260254,-5.003353465133594,Affordable
Tampa,33570,1253.0,1346.910888671875,-93.910888671875,-6.972316391656472,Affordable
Nashville,37130,1204.0,1297.2660064697266,-93.26600646972656,-7.189428074472794,Affordable
Charlotte,28032,1010.0,1103.264289855957,-93.26428985595705,-8.453485779743101,Affordable
Philadelphia,19352,1692.0,1785.112060546875,-93.112060546875,-5.21603447787753,Affordable
Orlando,32102,1055.0,1147.85986328125,-92.85986328125,-8.089825792479806,Affordable
Austin,78728,1632.0,1724.2456665039062,-92.24566650390624,-5.349914359416327,Affordable
Tampa,34601,1153.0,1244.8566589355469,-91.85665893554688,-7.378894451517956,Affordable
SanFrancisco,94703,2240.0,2331.8296966552734,-91.82969665527344,-3.938096199177495,Affordable
Philadelphia,19002,1672.0,1763.7003784179688,-91.70037841796876,-5.199317272938592,Affordable
Tampa,33597,886.0,977.269287109375,-91.269287109375,-9.339215742606289,Affordable
Philadelphia,19044,1480.0,1570.9250030517578,-90.9250030517578,-5.787991334730959,Affordable
Denver,80226,1775.0,1865.8198318481443,-90.81983184814452,-4.867556357688891,Affordable
Orlando,32826,1564.0,1653.937973022461,-89.93797302246094,-5.437808097368084,Affordable
Jacksonville,32218,1503.0,1592.6968536376953,-89.69685363769531,-5.631759329016634,Affordable
Tampa,33704,1495.0,1584.6050033569336,-89.6050033569336,-5.654721723527841,Affordable
Tampa,33710,1577.0,1666.5921897888184,-89.59218978881836,-5.375771609740413,Affordable
Philadelphia,19094,1251.0,1340.536651611328,-89.53665161132812,-6.6791647586587715,Affordable
Denver,80231,1764.0,1853.170539855957,-89.17053985595703,-4.8117827225382115,Affordable
Denver,80218,1534.0,1622.8602752685547,-88.86027526855469,-5.475534562200672,Affordable
Tampa,33611,1778.0,1866.6504669189453,-88.65046691894531,-4.749173371770556,Affordable
Denver,80206,1764.0,1852.3667125701904,-88.36671257019043,-4.770476168165434,Affordable
Miami,33312,1703.0,1791.0471115112305,-88.04711151123047,-4.915957315993716,Affordable
Philadelphia,19358,1125.0,1212.812255859375,-87.812255859375,-7.240383285635002,Affordable
Orlando,32828,1966.0,2053.5764770507812,-87.57647705078125,-4.264583181073107,Affordable
Jacksonville,32224,1764.0,1851.44873046875,-87.44873046875,-4.723259630668235,Affordable
SanFrancisco,94619,2107.0,2194.0757446289062,-87.07574462890625,-3.9686754134203217,Affordable
SanFrancisco,94804,1826.0,1912.5640869140625,-86.5640869140625,-4.526075100245888,Affordable
Denver,80230,2247.0,2333.4317626953125,-86.4317626953125,-3.7040621490245105,Affordable
Denver,80021,2117.0,2203.371551513672,-86.37155151367188,-3.919972165127409,Affordable
Jacksonville,32091,830.0,916.2791137695312,-86.27911376953125,-9.416248004888253,Affordable
Miami,33405,1566.0,1651.9276123046875,-85.9276123046875,-5.201657243612845,Affordable
Philadelphia,19808,1436.0,1521.8496475219729,-85.84964752197266,-5.641138575138589,Affordable
Miami,33012,1665.0,1750.4599151611328,-85.45991516113281,-4.882140654632819,Affordable
Philadelphia,21911,1218.0,1303.4509582519531,-85.45095825195312,-6.555747856179465,Affordable
Philadelphia,19713,1325.0,1410.038242340088,-85.03824234008789,-6.030917445115469,Affordable
Denver,80130,2625.0,2709.7932739257812,-84.79327392578125,-3.129141796227798,Affordable
Orlando,32804,1753.0,1837.7106323242188,-84.71063232421875,-4.609574044695066,Affordable
Indianapolis,46254,1067.0,1151.2927207946775,-84.29272079467773,-7.321571592713176,Affordable
Tampa,34613,1141.0,1224.886199951172,-83.88619995117188,-6.848489268188004,Affordable
Orlando,34773,1325.0,1408.2459106445312,-83.24591064453125,-5.911319181919794,Affordable
Indianapolis,46208,1075.0,1157.93656539917,-82.93656539916992,-7.162444634484756,Affordable
Orlando,32812,1622.0,1704.6900997161863,-82.69009971618652,-4.850740890086333,Affordable
Tampa,33647,1904.0,1986.5714111328125,-82.5714111328125,-4.156478376265739,Affordable
Philadelphia,21915,825.0,907.521728515625,-82.521728515625,-9.093085699512727,Affordable
Denver,80601,1774.0,1856.500289916992,-82.50028991699219,-4.443860869026901,Affordable
Denver,80018,2561.0,2643.4132690429688,-82.41326904296875,-3.1176838676006935,Affordable
Orlando,32707,1693.0,1774.826961517334,-81.82696151733398,-4.610419116429161,Affordable
Charlotte,28146,967.0,1047.9712371826172,-80.97123718261719,-7.726475146426878,Affordable
Denver,80235,1776.0,1856.612041473389,-80.61204147338867,-4.3418894024524235,Affordable
Charlotte,28037,898.0,978.437042236328,-80.43704223632812,-8.220972710975886,Affordable
Tampa,33618,1574.0,1654.136526107788,-80.13652610778809,-4.8446137814483015,Affordable
Tampa,33563,1351.0,1431.0194244384766,-80.01942443847656,-5.59177765667826,Affordable
Tampa,34677,1485.0,1564.3752517700195,-79.37525177001953,-5.0739265838046235,Affordable
Denver,80214,1627.0,1706.2589263916016,-79.25892639160156,-4.645187501478362,Affordable
Denver,80110,1693.0,1772.0793762207031,-79.07937622070312,-4.462518851122513,Affordable
Miami,33150,1200.0,1278.916259765625,-78.916259765625,-6.170557232581221,Affordable
Tampa,33523,1101.0,1179.594268798828,-78.59426879882812,-6.662822198929474,Affordable
Jacksonville,32211,1185.0,1263.3884582519531,-78.38845825195312,-6.2046204189970835,Affordable
Jacksonville,32219,1292.0,1370.1263580322266,-78.12635803222656,-5.702127951500147,Affordable
Philadelphia,19806,1396.0,1474.0039882659912,-78.00398826599121,-5.291979457786583,Affordable
Denver,80234,1829.0,1906.968334197998,-77.96833419799805,-4.08860140988071,Affordable
Miami,33014,1827.0,1904.6740159988403,-77.67401599884033,-4.078074008801285,Affordable
Tampa,33701,1711.0,1788.5143127441406,-77.51431274414062,-4.334005727089173,Affordable
Tampa,33763,1497.0,1574.0995330810547,-77.09953308105469,-4.898008763787914,Affordable
Denver,80211,1970.0,2046.8982696533203,-76.89826965332031,-3.756819319913952,Affordable
SanFrancisco,94937,1647.0,1723.7194213867188,-76.71942138671875,-4.450806809671993,Affordable
Denver,80107,1877.0,1953.416145324707,-76.41614532470703,-3.911923504246697,Affordable
Philadelphia,21918,876.0,952.3102416992188,-76.31024169921875,-8.013170325991398,Affordable
Nashville,37127,1376.0,1451.649154663086,-75.64915466308594,-5.211256068319303,Affordable
Philadelphia,21913,1149.0,1224.2682342529297,-75.26823425292969,-6.14801823220217,Affordable
Orlando,34736,1679.0,1754.0202045440674,-75.02020454406738,-4.277043351593993,Affordable
Philadelphia,19465,1424.0,1498.7617454528809,-74.76174545288086,-4.98823416595078,Affordable
Philadelphia,8093,1220.0,1294.684112548828,-74.68411254882812,-5.768520044769722,Affordable
Tampa,33540,1107.0,1181.443878173828,-74.44387817382812,-6.301093056480764,Affordable
Denver,80020,2052.0,2126.1262817382812,-74.12628173828125,-3.4864477418376576,Affordable
Miami,33190,1874.0,1947.8011016845703,-73.80110168457031,-3.78894444718934,Affordable
Orlando,32773,1577.0,1650.3003845214844,-73.30038452148438,-4.441638940945792,Affordable
Columbus,43220,1269.0,1342.291961669922,-73.29196166992188,-5.460210130346056,Affordable
Philadelphia,18041,1299.0,1372.0300903320312,-73.03009033203125,-5.322776143660083,Affordable
Tampa,33781,1343.0,1415.9038848876953,-72.90388488769531,-5.148928939726569,Affordable
Nashville,37030,962.0,1034.277862548828,-72.27786254882812,-6.98824418137596,Affordable
SanFrancisco,94014,2177.0,2249.2737426757812,-72.27374267578125,-3.2132035022914978,Affordable
Philadelphia,8062,1147.0,1219.0703887939453,-72.07038879394531,-5.911913656211945,Affordable
Denver,80221,1666.0,1737.981216430664,-71.98121643066406,-4.1416567538338365,Affordable
Charlotte,28115,1339.0,1409.9904022216797,-70.99040222167969,-5.034814571065324,Affordable
Philadelphia,19076,1183.0,1253.3262634277344,-70.32626342773438,-5.611169691393714,Affordable
Miami,33311,1461.0,1530.5228576660156,-69.52285766601562,-4.54242531026522,Affordable
SanFrancisco,94603,1842.0,1911.05712890625,-69.05712890625,-3.613556489845663,Affordable
Tampa,34608,1286.0,1354.406768798828,-68.40676879882812,-5.050681255786657,Affordable
Miami,33444,1696.0,1764.192840576172,-68.19284057617188,-3.8653847248297755,Affordable
Philadelphia,19001,1395.0,1462.854320526123,-67.85432052612305,-4.638487891379293,Affordable
SanFrancisco,94705,2441.0,2508.766571044922,-67.76657104492188,-2.701190769482254,Affordable
Miami,33157,1653.0,1720.7061004638672,-67.70610046386719,-3.9347858675932517,Affordable
Denver,80236,1728.0,1795.3917236328125,-67.3917236328125,-3.753594424310448,Affordable
Philadelphia,19301,1907.0,1974.3719482421875,-67.3719482421875,-3.412323007433819,Affordable
Orlando,36740,1760.0,1827.2812118530271,-67.28121185302734,-3.6820392732434524,Affordable
SanFrancisco,94133,1901.0,1968.1099853515625,-67.1099853515625,-3.40986966435083,Affordable
SanFrancisco,94521,2404.0,2470.6739859580994,-66.67398595809937,-2.698615290282581,Affordable
Philadelphia,19126,1119.0,1185.5374755859375,-66.5374755859375,-5.612431235297068,Affordable
Austin,76511,774.0,840.5281372070312,-66.52813720703125,-7.9150398733938685,Affordable
Miami,33189,1622.0,1688.3435821533203,-66.34358215332031,-3.929507172272686,Affordable
SanFrancisco,94511,1606.0,1672.0203247070312,-66.02032470703125,-3.9485360154697418,Affordable
Tampa,33566,1398.0,1463.6073303222656,-65.60733032226562,-4.48257732542374,Affordable
Jacksonville,32210,1293.0,1358.1672668457031,-65.16726684570312,-4.798176810508169,Affordable
Philadelphia,8004,1119.0,1184.1451110839844,-65.14511108398438,-5.501446611078734,Affordable
Philadelphia,19335,1707.0,1772.0996704101562,-65.09967041015625,-3.6735896686380394,Affordable
Tampa,33579,2165.0,2229.9927978515625,-64.9927978515625,-2.9144846527835595,Affordable
Indianapolis,46060,1313.0,1377.9149169921875,-64.9149169921875,-4.711097629590111,Affordable
Orlando,34747,1827.0,1891.7629699707031,-64.76296997070312,-3.4234188425681085,Affordable
Jacksonville,32009,919.0,983.6851196289062,-64.68511962890625,-6.575795276166079,Affordable
SanFrancisco,94596,2574.0,2638.535675048828,-64.53567504882812,-2.4458898039206476,Affordable
Jacksonville,32145,1113.0,1177.5002136230469,-64.50021362304688,-5.477724154680733,Affordable
Charlotte,29720,891.0,955.3361358642578,-64.33613586425781,-6.734397815493,Affordable
Orlando,32736,1125.0,1189.297607421875,-64.297607421875,-5.406351364084343,Affordable
Philadelphia,18073,1468.0,1532.245807647705,-64.24580764770508,-4.192917828656674,Affordable
Philadelphia,8007,970.0,1033.9651794433594,-63.965179443359375,-6.186395897567398,Affordable
Philadelphia,19144,1153.0,1216.7257385253906,-63.725738525390625,-5.237477642465505,Affordable
Denver,80403,2444.0,2507.500732421875,-63.500732421875,-2.532431261168274,Affordable
Miami,33034,1380.0,1443.32666015625,-63.32666015625,-4.387548702896852,Affordable
Indianapolis,46062,1509.0,1571.8885803222656,-62.888580322265625,-4.000829391442765,Affordable
SanFrancisco,94606,1873.0,1935.781982421875,-62.781982421875,-3.2432362214327397,Affordable
Orlando,32767,971.0,1033.570556640625,-62.570556640625,-6.053825376372533,Affordable
Philadelphia,8106,1119.0,1181.524871826172,-62.524871826171875,-5.291879444698701,Affordable
Philadelphia,19021,1312.0,1374.4265899658203,-62.42658996582031,-4.542009767678662,Affordable
Nashville,37083,862.0,924.4132080078124,-62.4132080078125,-6.751656885379015,Affordable
Jacksonville,32011,1120.0,1182.2336120605469,-62.233612060546875,-5.264070605476885,Affordable
Miami,33304,1839.0,1901.155403137207,-62.15540313720703,-3.26934889355393,Affordable
Miami,33134,1890.0,1952.030445098877,-62.03044509887695,-3.1777396328331804,Affordable
Charlotte,28077,845.0,906.9396362304688,-61.93963623046875,-6.829521365711801,Affordable
Orlando,32792,1710.0,1771.6166648864746,-61.61666488647461,-3.4779908152660672,Affordable
Tampa,34690,1285.0,1346.5926818847656,-61.592681884765625,-4.57396529131267,Affordable
Denver,80138,2036.0,2096.936630249023,-60.93663024902344,-2.905983393584329,Affordable
Philadelphia,19804,1228.0,1288.8108825683594,-60.810882568359375,-4.718371282462687,Affordable
Orlando,32730,1581.0,1641.5818481445312,-60.58184814453125,-3.690455533058343,Affordable
Columbus,43021,1364.0,1424.3804626464844,-60.380462646484375,-4.239068439221505,Affordable
Jacksonville,32046,917.0,977.3372192382812,-60.33721923828125,-6.173633629271478,Affordable
Miami,33169,1655.0,1715.232650756836,-60.23265075683594,-3.511631540494443,Affordable
Tampa,33576,998.0,1058.18896484375,-60.18896484375,-5.687922180575506,Affordable
SanFrancisco,94702,2094.0,2152.7251586914062,-58.72515869140625,-2.7279450167760366,Affordable
SanFrancisco,94541,2239.0,2297.7005157470703,-58.70051574707031,-2.554750514471836,Affordable
Philadelphia,8029,986.0,1044.6962280273438,-58.69622802734375,-5.618497171965231,Affordable
Denver,80101,1375.0,1433.4119262695312,-58.41192626953125,-4.075027226929028,Affordable
SanFrancisco,41860,2474.0,2532.4005432128906,-58.400543212890625,-2.306133734231358,Affordable
Orlando,32746,2059.0,2117.1055908203125,-58.1055908203125,-2.7445768917835784,Affordable
Philadelphia,8098,1250.0,1308.0033264160156,-58.003326416015625,-4.43449380017612,Affordable
Miami,33469,1908.0,1965.9110107421875,-57.9110107421875,-2.9457595194161126,Affordable
Louisville,47172,1195.0,1252.599624633789,-57.59962463378906,-4.598406665707643,Affordable
Orlando,32750,1734.0,1791.5154113769531,-57.515411376953125,-3.2104335252548544,Affordable
Philadelphia,19312,1768.0,1825.409637451172,-57.409637451171875,-3.1450276295973336,Affordable
Miami,33054,1474.0,1531.2582092285156,-57.258209228515625,-3.7392915762628745,Affordable
SanFrancisco,94520,2197.0,2254.1991271972656,-57.199127197265625,-2.537447845984376,Affordable
Nashville,38560,777.0,834.1753540039062,-57.17535400390625,-6.854116910727923,Affordable
Philadelphia,8003,1638.0,1694.994644165039,-56.99464416503906,-3.362526504802901,Affordable
Nashville,37207,1283.0,1339.7299213409424,-56.72992134094238,-4.234429674016769,Affordable
Orlando,34769,1560.0,1616.598762512207,-56.59876251220703,-3.501101437455768,Affordable
Philadelphia,18951,1441.0,1497.5885620117188,-56.58856201171875,-3.778645446897847,Affordable
Miami,33170,1578.0,1634.53955078125,-56.53955078125,-3.4590506393207905,Affordable
Philadelphia,19703,1392.0,1448.4830894470217,-56.48308944702149,-3.899464885612485,Affordable
Philadelphia,19801,1192.0,1248.3420715332031,-56.342071533203125,-4.513351974431517,Affordable
Philadelphia,19007,1147.0,1202.8033142089844,-55.803314208984375,-4.639438015323648,Affordable
Philadelphia,8104,1163.0,1218.797866821289,-55.79786682128906,-4.5781067017137005,Affordable
Orlando,32765,1874.0,1929.5697326660156,-55.569732666015625,-2.8799027951810254,Affordable
Denver,80640,2225.0,2280.330017089844,-55.33001708984375,-2.4264039272901337,Affordable
Indianapolis,46069,742.0,797.1099548339844,-55.109954833984375,-6.913720560102932,Affordable
Nashville,37128,1658.0,1713.0954895019531,-55.095489501953125,-3.2161365107540503,Affordable
Tampa,33510,1483.0,1537.5381622314453,-54.53816223144531,-3.5471095008330398,Affordable
Miami,33067,2287.0,2341.464813232422,-54.464813232421875,-2.326100009046581,Affordable
Tampa,33567,1319.0,1372.8418884277344,-53.841888427734375,-3.921929311859614,Affordable
Orlando,32824,1895.0,1948.6988830566409,-53.698883056640625,-2.755627538124874,Affordable
Nashville,37095,531.0,584.5146484375,-53.5146484375,-9.155399027304638,Affordable
Charlotte,28034,900.0,953.4429473876952,-53.44294738769531,-5.60525908069505,Affordable
Tampa,33777,1729.0,1782.3959350585938,-53.39593505859375,-2.9957392747778253,Affordable
Miami,33412,2321.0,2373.575225830078,-52.575225830078125,-2.215022522056014,Affordable
Miami,33168,1629.0,1681.3416595458984,-52.34165954589844,-3.1130888388285713,Affordable
Charlotte,28036,1729.0,1781.3384399414062,-52.33843994140625,-2.93815250195397,Affordable
Denver,80465,2250.0,2301.911834716797,-51.911834716796875,-2.2551617283458456,Affordable
Denver,80204,1811.0,1862.551089286804,-51.5510892868042,-2.767767798871161,Affordable
Austin,78742,1328.0,1378.98441696167,-50.98441696166992,-3.697243879956555,Affordable
Miami,33415,1667.0,1717.8330535888672,-50.83305358886719,-2.959138170188753,Affordable
Philadelphia,8094,1429.0,1479.8318738937378,-50.83187389373779,-3.434976282811697,Affordable
Jacksonville,32209,1062.0,1112.8060302734375,-50.8060302734375,-4.565578267126527,Affordable
Tampa,33617,1431.0,1481.7974700927734,-50.79747009277344,-3.4280980443024425,Affordable
SanFrancisco,94973,2395.0,2445.768186569214,-50.76818656921387,-2.0757562735505455,Affordable
Nashville,37148,1122.0,1172.4456024169922,-50.44560241699219,-4.302596411551953,Affordable
Denver,80014,1842.0,1892.3316822052,-50.331682205200195,-2.659770624700789,Affordable
Jacksonville,32086,1601.0,1651.331039428711,-50.33103942871094,-3.0479073079207244,Affordable
