"feature id","feature label","shid","geoid","Renter Excessive Housing Costs (2020-2024)","Home Owner Excessive Housing Costs (2020-2024)","Median Home Rent (2020-2024)","Median Household Income (2020-2024)","Rental Vacancy Rate (2020-2024)","Homeowner Vacancy Rate (2020-2024)","Total Housing Units (2020-2024)","Percent Change in Population (Difference Decennial Census 2020 - 2010)","Per Capita Income (2020-2024)","Income 49% and Below Poverty Level (2020-2024)","Income 50% to 99% the Poverty Level (2020-2024)","Income 100% to 124% the Poverty Level (2020-2024)","Income 125% to 149% the Poverty Level (2020-2024)","Income 150% to 184% the Poverty Level (2020-2024)","Income 185% to 199% the Poverty Level (2020-2024)","Income 200% and Over the Poverty Level (2020-2024)","Unemployment Rate (2020-2024)","Labor Force Participation Rate (2020-2024)","Commute Mean Travel Time (2020-2024)","Commute Transportation by Public Transit (2020-2024)","No Vehicles Available (2020-2024)"
"publicpolygonfeature:5:35000","ZIP Code 33009","country:us/state:fl/zip:33009","33009","5290","4718","1649","52079","7.606219669208676","2.9453602209020167","30742","9.95447","37461","4612","4365","1642","2849","2793","1800","26292","7.333563000602876","61.7425753104145","30.243632336655594","685","1998"
"publicpolygonfeature:5:35288","ZIP Code 33010","country:us/state:fl/zip:33010","33010","6644","1718","1394","46553","2.3923444976076556","1.3152312261349173","16044","-4.45005","23977","2651","5976","3155","2281","4622","1906","20527","3.814432989690722","58.77654446800893","26.959296947271046","433","2358"
"publicpolygonfeature:5:36789","ZIP Code 33012","country:us/state:fl/zip:33012","33012","7560","4286","1665","51450","1.9847558674816996","0.11279407025459234","25874","-2.95945","25523","4079","7684","4201","5785","7061","1956","39912","3.7843079160718616","60.87191762854145","28.15581756332772","516","2970"
"publicpolygonfeature:5:36822","ZIP Code 33013","country:us/state:fl/zip:33013","33013","2519","2050","1679","60658","0.9778012684989429","0","9457","-8.8261","25202","2285","2609","1830","1688","3019","1055","17860","5.190374657325616","60.850385527876625","29.177849700031576","161","769"
"publicpolygonfeature:5:36951","ZIP Code 33014","country:us/state:fl/zip:33014","33014","4808","1873","1827","77338","1.527506603881934","0.8393866020984665","15221","-0.52226","34819","2430","3452","1484","2357","2703","1193","27965","3.987234218924856","69.74267457256347","27.5790878214459","348","971"
"publicpolygonfeature:5:36956","ZIP Code 33015","country:us/state:fl/zip:33015","33015","6778","3871","1936","77339","1.5393023043993077","0.22639068564036222","23831","3.18151","32406","2946","4785","3947","2969","5502","1595","46715","5.028143532013267","70.0374663594308","34.60434976910472","432","1118"
"publicpolygonfeature:5:36968","ZIP Code 33016","country:us/state:fl/zip:33016","33016","4866","3145","1883","58479","0.45622688039457465","1.2252346193952035","16004","1.27517","29864","2556","4572","3605","2402","4787","2319","24954","4.444725845257693","62.225198959892836","30.72984584281021","153","991"
"publicpolygonfeature:5:36976","ZIP Code 33018","country:us/state:fl/zip:33018","33018","3255","4636","2269","89639","0","1.0956562281451552","18057","17.15535","34316","2051","3562","1859","2526","3811","1652","42324","2.9156213669460933","68.53612565445026","34.32806896801536","135","448"
"publicpolygonfeature:5:39367","ZIP Code 33019","country:us/state:fl/zip:33019","33019","936","2373","2117","96497","13.011152416356877","0","12574","16.6946","73906","705","327","409","697","484","353","11318","7.434944237918216","55.41758937045239","30.755536257056015","48","292"
"publicpolygonfeature:5:39380","ZIP Code 33020","country:us/state:fl/zip:33020","33020","8145","3103","1536","56473","5.246730083234245","1.41643059490085","22642","10.1975","33274","3705","5358","1611","2249","4576","1664","26559","8.252859637244772","71.21685065347037","29.130062088777684","1192","2107"
"publicpolygonfeature:5:39385","ZIP Code 33021","country:us/state:fl/zip:33021","33021","4144","4742","1775","71318","9.672473867595818","0.7387161113983896","22003","8.2429","42513","2499","3225","2058","1932","3167","1160","33805","5.3670691968564315","65.53992968357609","28.460875807609476","272","1417"
"publicpolygonfeature:5:39392","ZIP Code 33023","country:us/state:fl/zip:33023","33023","4515","5329","1750","74709","2.7483313702394976","0.6663323063695636","22597","4.98377","27557","3775","4573","3464","5196","5623","2949","46484","6.91966005083832","67.84799986067816","32.07992118711902","1222","1319"
"publicpolygonfeature:5:39419","ZIP Code 33024","country:us/state:fl/zip:33024","33024","5520","5318","1848","80061","4.81283422459893","0.4526851047997023","26419","17.0744","34613","4149","5137","3747","2808","5348","3167","51954","4.989655592065231","68.07883892961756","30.483551385529882","295","1794"
"publicpolygonfeature:5:39425","ZIP Code 33025","country:us/state:fl/zip:33025","33025","10874","4173","2109","68743","2.7006309334276786","0.1959247648902821","30614","27.78542","33752","4891","3692","2216","3100","7303","3103","51794","4.167506889829939","70.90764710553482","29.279184917158638","661","1491"
"publicpolygonfeature:5:39437","ZIP Code 33026","country:us/state:fl/zip:33026","33026","1299","3146","1958","89306","1.6658733936220846","0","12544","7.05639","47019","1507","934","701","833","1097","1062","25002","3.0957656326932548","63.4675884569076","28.24500768049155","0","655"
"publicpolygonfeature:5:39438","ZIP Code 33027","country:us/state:fl/zip:33027","33027","3843","7617","1832","76561","1.1390683441006462","0.5253338570306363","26492","10.54578","44251","6688","2305","1431","1266","2401","1279","49356","3.7087025409306964","60.70602469663001","30.4462100456621","430","2467"
"publicpolygonfeature:5:39439","ZIP Code 33028","country:us/state:fl/zip:33028","33028","1320","2474","2511","119091","9.095084979329354","0.1673406777297448","9474","4.82328","48031","583","761","555","687","1110","174","24525","3.8342492577853577","70.70416297608503","28.524364323388177","52","194"
"publicpolygonfeature:5:39445","ZIP Code 33029","country:us/state:fl/zip:33029","33029","563","3079","2635","146237","3.3126293995859215","0.6842147629397086","14200","2.03823","52371","845","1119","1126","624","1106","277","38919","3.963317384370016","70.88000451429055","34.57918050941307","91","223"
"publicpolygonfeature:5:39605","ZIP Code 33160","country:us/state:fl/zip:33160","33160","5056","5523","2064","67040","18.72684733866251","3.2340355497037523","32964","10.3507","56787","2858","3170","1737","2045","2415","1390","29908","4.308194204567261","57.27770177838577","34.07920524430628","655","1938"
"publicpolygonfeature:5:39623","ZIP Code 33161","country:us/state:fl/zip:33161","33161","6234","3118","1611","58325","6.134850969422205","1.1300168853097805","18965","-0.0758","26864","4544","5538","3181","3402","4201","2307","28593","6.791975420206037","62.68031431871193","31.421664281687697","1926","2392"
"publicpolygonfeature:5:39641","ZIP Code 33162","country:us/state:fl/zip:33162","33162","4373","2955","1704","60692","7.231545913494338","2.4356385663806157","15966","3.2441","27369","2763","4297","2489","3401","5622","1411","26413","6.396304357482344","61.896513801825584","29.075845665961946","1334","1199"
"publicpolygonfeature:5:39827","ZIP Code 33165","country:us/state:fl/zip:33165","33165","3139","4202","1895","85200","4.085565619579881","0.3702180172768408","17826","-2.96802","39146","1891","2683","2097","2697","2094","1513","35602","4.328151229837238","63.84882447514971","30.743731972487243","307","1078"
"publicpolygonfeature:5:39831","ZIP Code 33166","country:us/state:fl/zip:33166","33166","3515","1329","1929","81581","2.8933401814757747","2.174757281553398","11366","15.20096","44309","1892","1650","818","653","1584","948","19510","1.3429879935635598","68.12743986903412","25.570408628284977","103","575"
"publicpolygonfeature:5:39860","ZIP Code 33167","country:us/state:fl/zip:33167","33167","1363","1462","1425","62846","2.962085308056872","0","7156","-0.14574","25109","2022","3357","942","737","1780","779","13963","4.770318021201414","59.98102366770334","31.674469568682138","642","929"
"publicpolygonfeature:5:39890","ZIP Code 33168","country:us/state:fl/zip:33168","33168","808","2154","1629","65777","2.2004889975550124","0.4638031861262351","6812","-3.22349","22597","1187","2502","2602","1990","2676","1008","11587","6.555709662505779","59.34807660648631","28.981450811526997","442","426"
"publicpolygonfeature:5:39895","ZIP Code 33169","country:us/state:fl/zip:33169","33169","4369","3394","1655","62562","6.067447438972767","0.21586616297895306","15219","7.69412","26992","2129","3766","2810","3147","4572","1306","25597","9.77190140536754","68.3267110805724","31.589548930510915","833","1015"
"publicpolygonfeature:5:41403","ZIP Code 33030","country:us/state:fl/zip:33030","33030","3966","1713","1389","46202","3.375394321766562","1.7169179229480735","11421","10.48505","19726","4115","7080","2550","2985","3204","1280","16235","2.270726984685795","62.69035532994924","35.09132865314613","124","1294"
"publicpolygonfeature:5:41411","ZIP Code 33031","country:us/state:fl/zip:33031","33031","81","673","1745","109945","0","1.513622603430878","2274","12.25454","41351","171","406","288","231","249","160","5818","6.691335183472094","54.62354724608388","31.338858195211785","26","43"
"publicpolygonfeature:5:41416","ZIP Code 33032","country:us/state:fl/zip:33032","33032","4959","4678","1658","73429","3.1360528177316676","1.7704517704517704","20331","65.08502","28435","3470","7496","3625","2987","4846","2079","40148","5.936262046946136","68.49154325483532","38.22084982064273","744","1262"
"publicpolygonfeature:5:41430","ZIP Code 33035","country:us/state:fl/zip:33035","33035","1693","1016","1958","68354","6.957928802588997","3.8978054372748114","6453","34.70019","31844","799","1521","268","285","933","804","12467","3.352967829632986","66.79369349174326","37.76875387476751","78","166"
"publicpolygonfeature:5:41513","ZIP Code 33170","country:us/state:fl/zip:33170","33170","918","1188","1578","73958","4.922566371681416","0.6533812479581836","5162","21.9284","27511","981","1175","627","1238","1314","730","10443","5.93568665377176","63.59163591635917","34.7775207511226","172","302"
"publicpolygonfeature:5:41519","ZIP Code 33172","country:us/state:fl/zip:33172","33172","4990","2349","2088","63023","9.604704344985299","1.79475379659457","16285","15.52231","29540","2616","2971","1878","2571","2936","1189","24940","2.699633059584134","68.45629629629629","27.127637935418257","621","889"
"publicpolygonfeature:5:41530","ZIP Code 33173","country:us/state:fl/zip:33173","33173","1821","2366","2139","88271","3.0412526347485698","1.170931916948334","12116","1.59768","45104","1696","2569","1017","1102","1611","769","22649","2.684395383843452","59.69837240555472","33.55033919210607","224","593"
"publicpolygonfeature:5:41558","ZIP Code 33174","country:us/state:fl/zip:33174","33174","3294","2140","1860","59185","2.843991451586388","0","11902","1.28333","27404","2087","2294","1469","2210","1806","1679","19865","5.550038618558975","58.88888888888889","28.67881315375675","127","802"
"publicpolygonfeature:5:41600","ZIP Code 33054","country:us/state:fl/zip:33054","33054","3323","2269","1474","45710","4.59837019790454","0.15230635335073978","10002","4.79872","19799","3001","4025","2915","1212","3419","2018","13662","7.298280659199544","56.034929622393236","30.737360754070266","821","1267"
"publicpolygonfeature:5:41604","ZIP Code 33055","country:us/state:fl/zip:33055","33055","1532","3444","1793","62286","6.384408602150538","0.6130182790905038","12216","-0.29994","26973","2434","2857","2206","3939","2896","1437","21751","4.793608521970706","60.16663996154462","31.59315111530003","246","645"
"publicpolygonfeature:5:41607","ZIP Code 33056","country:us/state:fl/zip:33056","33056","2575","2636","1764","68583","2.6816608996539792","0.4143831038631199","12473","3.36419","27247","2215","3000","2139","2585","2993","844","23831","9.472158084089568","61.37201949677249","33.37443415985406","341","1027"
"publicpolygonfeature:5:41608","ZIP Code 33060","country:us/state:fl/zip:33060","33060","4120","2072","1452","64819","10.151453131395826","0.873743993010048","15978","12.24092","31832","2536","4038","2924","2360","2442","1506","20853","7.201317753641839","67.65400375026044","26.088103812243883","482","976"
"publicpolygonfeature:5:41613","ZIP Code 33062","country:us/state:fl/zip:33062","33062","2483","3666","1971","83582","11.793372319688109","1.380748981821794","23520","10.88436","76532","1434","941","722","444","1332","265","19540","5.030602833906263","50.978298017771706","25.9428391959799","12","1284"
"publicpolygonfeature:5:41614","ZIP Code 33063","country:us/state:fl/zip:33063","33063","3769","7839","1844","62918","6.857962697274031","0.8129628598474303","26299","10.92294","35847","2871","3703","1932","2625","3469","1397","39267","4.022781578344408","65.13761467889908","30.11705162777973","680","1543"
"publicpolygonfeature:5:41650","ZIP Code 33064","country:us/state:fl/zip:33064","33064","5135","5260","1789","71301","5.933526656256971","1.3504985485295975","26955","17.91729","37258","4385","4101","2973","2952","5745","2538","41125","5.865921787709497","71.21004305253933","29.038809226932667","790","864"
"publicpolygonfeature:5:41655","ZIP Code 33065","country:us/state:fl/zip:33065","33065","6592","3618","1913","74226","5.876993166287016","1.0257421836473026","21671","14.68127","34417","2859","3291","2626","3000","3334","1702","41663","3.956912923009869","70.09404798188706","30.42234178643991","418","1509"
"publicpolygonfeature:5:41656","ZIP Code 33066","country:us/state:fl/zip:33066","33066","848","3058","1724","57051","14.587100663050029","2.8544113630155694","10588","6.8913","65524","1354","1248","264","543","1331","408","11536","6.4610866372980915","51.74414588657871","30.79523187459177","79","773"
"publicpolygonfeature:5:41659","ZIP Code 33067","country:us/state:fl/zip:33067","33067","1589","2063","2287","131216","1.286690792119019","0","9497","3.81368","56402","408","700","549","549","574","284","24073","4.461701376632545","68.26364552829916","28.90746782671742","67","453"
"publicpolygonfeature:5:41664","ZIP Code 33068","country:us/state:fl/zip:33068","33068","4707","4682","2053","64051","3.983459682977257","0.382133152173913","19681","6.36298","28273","3093","3773","3080","3403","4688","1714","34668","5.8514177094883575","71.94288837272852","30.229431563201196","882","1060"
"publicpolygonfeature:5:41668","ZIP Code 33069","country:us/state:fl/zip:33069","33069","3116","2503","1797","59683","11.759530791788857","3.570305127398553","16168","12.16973","34910","2042","1805","2161","1016","1952","471","17818","10.961984910040627","55.73346272036228","26.695715676728334","218","1155"
"publicpolygonfeature:5:41673","ZIP Code 33071","country:us/state:fl/zip:33071","33071","2685","3021","2283","106149","4.68101915860162","0.6197183098591549","14349","8.26909","43548","1610","1175","881","1539","1407","674","34953","6.740668559081472","70.92034494155824","30.050166281494842","116","220"
"publicpolygonfeature:5:41677","ZIP Code 33073","country:us/state:fl/zip:33073","33073","2689","2721","2265","97412","3.9628265825004387","0.2473446820893351","12870","12.4884","40121","1878","1418","1132","1438","1159","849","25116","4.835129993658846","70.64093471200866","29.936234817813766","114","577"
"publicpolygonfeature:5:41703","ZIP Code 33076","country:us/state:fl/zip:33076","33076","1159","3152","3263","176641","9.184549356223176","0.21301144936540342","13754","40.32364","63777","806","999","127","697","1420","267","40541","3.699029548718395","70.34315976367587","31.474729463846533","0","552"
"publicpolygonfeature:5:41718","ZIP Code 33101","country:us/state:fl/zip:33101","33101","0","0",,,"0","0","0","-0.9985",,"0","0","0","0","0","0","0",,,,"0","0"
"publicpolygonfeature:5:41719","ZIP Code 33109","country:us/state:fl/zip:33109","33109","0","168",,,"48.78048780487805","0","761","15.15152","302761","39","0","0","110","0","0","934","0","38.55140186915888","36.333333333333336","0","0"
"publicpolygonfeature:5:41784","ZIP Code 33122","country:us/state:fl/zip:33122","33122","417","9","2514","99583","3.571428571428571","0","820","14775.03848","58460","41","0","0","56","34","0","1556","1.2924071082390953","85.95773687798227","24.28503787878788","0","2"
"publicpolygonfeature:5:41793","ZIP Code 33125","country:us/state:fl/zip:33125","33125","9549","2161","1535","44979","3.374103753690426","0","22673","1.5022","31784","3731","8159","3421","4095","5391","1989","28596","3.104536355308248","60.41034680659179","28.977643856920686","1816","4412"
"publicpolygonfeature:5:41796","ZIP Code 33126","country:us/state:fl/zip:33126","33126","7889","2652","1771","58210","6.019173345906019","1.8832662449683728","20149","4.05602","29013","3049","4573","2626","3083","3862","2732","27054","3.60616036629205","64.39641308055948","27.406530575780586","903","1978"
"publicpolygonfeature:5:41799","ZIP Code 33127","country:us/state:fl/zip:33127","33127","4376","960","1455","41230","5.017373175816539","1.3417521704814523","11088","-4.66389","23962","3186","6043","1803","1323","1940","1275","11044","10.927887901572111","54.793241855689345","28.406020636102543","1333","2229"
"publicpolygonfeature:5:41814","ZIP Code 33128","country:us/state:fl/zip:33128","33128","2879","22","1452","42722","6.791060967671945","0","4823","5.64541","27032","346","1382","1289","1014","707","297","4067","4.308093994778068","64.24634555475677","26.467840069534986","401","1634"
"publicpolygonfeature:5:41815","ZIP Code 33129","country:us/state:fl/zip:33129","33129","2112","1232","2250","113367","4.312808521693946","1.3377926421404682","8102","8.9124","75262","345","355","286","302","313","406","12689","2.3822298529885177","71.82827192847233","21.85266903914591","348","417"
"publicpolygonfeature:5:41830","ZIP Code 33130","country:us/state:fl/zip:33130","33130","9248","817","1792","61009","8.822272422003785","2.111514351699109","21076","37.12157","55058","3140","4741","2216","2101","2977","746","18815","3.9711033274956216","73.59516227604618","25.285355648535564","2574","4618"
"publicpolygonfeature:5:41831","ZIP Code 33131","country:us/state:fl/zip:33131","33131","3858","1700","3124","144138","14.325786415547986","0.5511328842620943","18783","74.1377","120707","1150","567","239","505","340","207","20087","3.3172039876406463","83.77916625988479","19.07069138734131","562","1738"
"publicpolygonfeature:5:41834","ZIP Code 33132","country:us/state:fl/zip:33132","33132","4287","1054","2650","109109","11.164256984454832","4.046639231824417","14089","67.01969","76436","1512","883","247","301","537","656","15170","5.042301184433164","78.86505336574025","23.180218921032058","798","1512"
"publicpolygonfeature:5:41835","ZIP Code 33133","country:us/state:fl/zip:33133","33133","4088","2650","2068","103420","7.309758840434837","2.0165646380986675","17933","12.08843","81493","1888","1940","677","877","2436","604","28193","3.631113004781518","71.86198489824942","27.249397751605997","753","1357"
"publicpolygonfeature:5:41844","ZIP Code 33134","country:us/state:fl/zip:33134","33134","3716","2621","1890","99766","8.271474019088016","0.55454836301589","18046","2.42313","70800","1654","1639","1228","1380","1972","618","29557","2.6801220370804972","65.95975232198143","26.22343324250681","384","1440"
"publicpolygonfeature:5:41869","ZIP Code 33135","country:us/state:fl/zip:33135","33135","7504","1295","1422","40567","4.58116265608203","1.5133876600698486","16063","0.37265","26051","2967","6701","2371","2470","3157","1153","17175","4.415232552305453","65.3325466286426","31.55910227338799","1929","3385"
"publicpolygonfeature:5:41877","ZIP Code 33136","country:us/state:fl/zip:33136","33136","4210","319","1513","44843","6.641748131109833","5.147058823529411","8037","15.79532","30626","2381","3014","390","556","789","551","8347","12.304769945124525","64.08765048018395","25.96051227321238","911","2208"
"publicpolygonfeature:5:41884","ZIP Code 33137","country:us/state:fl/zip:33137","33137","5714","1358","2489","94036","6.809933142311365","2.9275808936825887","15879","32.30951","66422","1824","1359","907","1226","1218","466","22050","4.6257315946195705","76.17930980576074","28.70693479225196","732","1485"
"publicpolygonfeature:5:41890","ZIP Code 33138","country:us/state:fl/zip:33138","33138","3783","2049","1611","75051","6.147948317478347","2.067730380983393","14384","0.24495","52428","1592","1813","1159","1575","1691","381","20738","5.963168664133294","70.86841670794122","26.287769784172664","579","1542"
"publicpolygonfeature:5:41891","ZIP Code 33139","country:us/state:fl/zip:33139","33139","7275","2479","1822","69793","9.97015349630472","4.4170984455958555","30259","-6.53535","88782","2011","3544","1083","1584","1476","458","23227","4.097442143727162","68.95052022347863","22.246886653064095","685","5689"
"publicpolygonfeature:5:41896","ZIP Code 33140","country:us/state:fl/zip:33140","33140","1894","2049","2194","107063","9.704743465634076","3.7213740458015265","15871","-7.90602","90994","1272","748","344","524","577","249","16550","3.7603266546386855","64.76629766297664","25.272714326402735","397","1241"
"publicpolygonfeature:5:41899","ZIP Code 33141","country:us/state:fl/zip:33141","33141","6232","2231","1831","68738","3.833288129463882","2.6178010471204187","21893","2.03802","49184","2245","2619","975","1762","3088","1338","24010","5.160570152842178","71.19887509934586","32.42915787673186","1874","2597"
"publicpolygonfeature:5:41902","ZIP Code 33142","country:us/state:fl/zip:33142","33142","9502","2339","1366","39608","2.733727025413045","0.3311806590495115","22693","5.27272","20313","4957","9947","4918","4927","6399","2135","24767","8.99132480517571","57.48680042238649","30.76687791567644","2730","4463"
"publicpolygonfeature:5:41909","ZIP Code 33143","country:us/state:fl/zip:33143","33143","3899","2455","1928","83008","7.649380699605281","2.617528324000521","15704","13.863","67541","2380","1497","777","950","1945","571","25405","4.59813691507799","66.50107991360692","28.413231064237774","757","923"
"publicpolygonfeature:5:41914","ZIP Code 33144","country:us/state:fl/zip:33144","33144","2774","1830","1816","60907","4.553531763660596","0.5212677231025854","9570","-3.45966","31521","1645","2576","845","1025","1953","772","16928","3.0655858511422256","61.06599667997668","29.17476160769985","259","756"
"publicpolygonfeature:5:41915","ZIP Code 33145","country:us/state:fl/zip:33145","33145","3152","1994","1849","73995","5.20513283932767","1.3779819232478885","12872","-1.08552","41969","1944","1798","965","1850","2204","596","20203","3.9054907677356656","65.23168316831683","27.695503048780488","700","975"
"publicpolygonfeature:5:41917","ZIP Code 33146","country:us/state:fl/zip:33146","33146","1342","1202","2975","131500","14.587593728698023","1.8899388549193996","6937","10.7549","68544","1356","291","282","363","212","12","10798","3.9316827143512154","53.00500331545","21.689520078354555","259","480"
"publicpolygonfeature:5:41918","ZIP Code 33147","country:us/state:fl/zip:33147","33147","3871","2579","1486","50704","3.2657226687077436","0.9717543405027208","16587","4.98419","22494","5266","5927","4186","3141","4457","2465","24833","7.65582092036282","58.767146734479304","29.71988726265823","1632","2220"
"publicpolygonfeature:5:41922","ZIP Code 33149","country:us/state:fl/zip:33149","33149","1047","1113",,"181505","16.32751937984496","1.2601260126012601","7310","19.84018","106219","610","199","204","190","154","22","13412","2.846270928462709","60.67042201495983","23.685041282175813","119","138"
"publicpolygonfeature:5:41945","ZIP Code 33150","country:us/state:fl/zip:33150","33150","4065","1354","1200","40873","1.0320956576463183","4.534815681685196","12106","3.06099","23540","3872","5192","2724","1642","2383","1445","13423","7.7480647431386345","59.612406345485745","30.719445860955293","1358","2578"
"publicpolygonfeature:5:41947","ZIP Code 33154","country:us/state:fl/zip:33154","33154","1604","1461","2432","89563","6.107187370170337","3.397212543554007","10125","5.84931","69358","909","582","579","448","1186","103","10765","5.196166516921234","62.845849802371546","32.318587927653084","136","379"
"publicpolygonfeature:5:41951","ZIP Code 33155","country:us/state:fl/zip:33155","33155","3265","2353","1870","81158","6.381148950808393","1.341948310139165","16374","-0.13464","41183","1704","2455","653","1813","3864","1449","31702","3.3346855983772823","66.43435675268412","25.693502972155596","336","1106"
"publicpolygonfeature:5:41956","ZIP Code 33156","country:us/state:fl/zip:33156","33156","1942","2842","1951","137076","9.790794979079498","2.041936546272917","13169","5.66817","90840","1381","738","431","795","1047","782","28367","2.8219842631485537","64.63042150274893","27.923698877462908","973","585"
"publicpolygonfeature:5:41999","ZIP Code 33175","country:us/state:fl/zip:33175","33175","2299","4422","2022","77841","5.545383206905571","0.9574311386065695","17755","-2.32317","38355","2797","2260","1471","1983","2798","1398","35387","3.9129925411020423","60.88568779861656","32.63408626138688","74","576"
"publicpolygonfeature:5:42012","ZIP Code 33176","country:us/state:fl/zip:33176","33176","4224","3300","1774","86354","3.3067729083665336","1.2712577875063142","20239","5.17895","50105","2984","2558","1800","1701","2698","1440","37581","3.754670217881848","64.00870737997776","30.085582919834298","561","1171"
"publicpolygonfeature:5:42026","ZIP Code 33177","country:us/state:fl/zip:33177","33177","2334","4799","2174","82682","2.9894633668218575","0.13081954597922277","17365","5.71758","29256","3143","4683","2024","2568","4812","2376","38126","4.3121905526562285","61.41546419261479","37.005497788932715","423","698"
"publicpolygonfeature:5:42039","ZIP Code 33178","country:us/state:fl/zip:33178","33178","6706","4193","2771","96653","7.733454215775158","0.8356545961002786","22866","52.29192","38323","3203","2983","2710","2209","3200","2027","48811","3.955238831172548","65.58931103978503","27.037461208807446","381","919"
"publicpolygonfeature:5:42043","ZIP Code 33179","country:us/state:fl/zip:33179","33179","5675","4468","1875","65211","5.053581500282008","1.0661171833004837","21350","16.48848","34007","2783","3911","2796","2523","3076","1107","35029","6.370533182076008","68.0788509735878","33.10024061184154","819","1143"
"publicpolygonfeature:5:42050","ZIP Code 33180","country:us/state:fl/zip:33180","33180","3288","3686","2563","91055","5.470759732464414","1.5058179329226558","20753","12.9425","55242","1844","1864","917","537","1440","942","26254","4.325130499627144","59.74382773343234","29.909255898366606","402","870"
"publicpolygonfeature:5:42051","ZIP Code 33181","country:us/state:fl/zip:33181","33181","3432","1147","1870","63275","2.882112309408702","5.082669932639314","9453","10.59643","34352","1197","2456","888","919","1652","944","12353","3.2272132577409502","70.82742025050905","32.279153821622195","536","783"
"publicpolygonfeature:5:42054","ZIP Code 33182","country:us/state:fl/zip:33182","33182","600","938","2416","99385","0","1.2809315866084425","4239","-3.40441","40343","276","899","378","275","475","247","9890","3.1904563739769736","65.02737144395584","32.66885245901639","78","51"
"publicpolygonfeature:5:42059","ZIP Code 33183","country:us/state:fl/zip:33183","33183","2474","2792","1965","70218","4.123962908735969","0.8726838015540944","12683","-0.05587","35966","1765","2059","1592","1902","2037","1262","22829","4.727891156462586","60.09402466444096","33.03034435731333","178","387"
"publicpolygonfeature:5:42136","ZIP Code 33184","country:us/state:fl/zip:33184","33184","1717","1056","1911","79784","5.15378221113882","0.5605381165919282","7017","3.47071","38066","398","1486","1174","626","1130","916","14111","2.503317116320212","65.89147286821705","32.388578653461174","130","440"
"publicpolygonfeature:5:42139","ZIP Code 33185","country:us/state:fl/zip:33185","33185","747","2427","2737","114206","2.5730994152046787","1.51102640893003","9134","7.34957","41284","1186","874","461","482","1060","1113","23331","2.3712183156173343","64.03730497690229","38.40754299335944","70","197"
"publicpolygonfeature:5:42142","ZIP Code 33186","country:us/state:fl/zip:33186","33186","5071","5189","2224","93462","2.603446107407873","0.3379001044418504","24862","4.19317","39146","2549","4642","1662","2309","3054","1448","53881","2.3306647003054883","67.26587519241318","31.345238840543416","444","848"
"publicpolygonfeature:5:42144","ZIP Code 33187","country:us/state:fl/zip:33187","33187","209","1690","2164","115206","0","0","5782","18.11239","41640","325","1049","1333","591","356","673","13771","3.2308204729654713","60.31203964108746","42.85807122433065","33","56"
"publicpolygonfeature:5:42211","ZIP Code 33189","country:us/state:fl/zip:33189","33189","2454","2068","1622","69420","2.3116671199347296","0","8990","9.30693","32979","1578","1768","1075","863","2897","633","17088","4.571854058078928","63.65141694658656","37.441774148649905","102","614"
"publicpolygonfeature:5:42214","ZIP Code 33190","country:us/state:fl/zip:33190","33190","1829","781","1874","82533","1.306715063520871","1.595925297113752","5700","32.15332","32792","1000","951","1200","924","1339","425","12355","3.598790322580645","73.24037184594954","35.19536464021357","99","221"
"publicpolygonfeature:5:42215","ZIP Code 33193","country:us/state:fl/zip:33193","33193","3793","2859","1851","77839","3.307737743650325","0.5889912186763762","16274","3.09568","34293","1384","4062","2400","1852","3310","1518","32874","3.4419247150915164","64.53848057411533","35.65941071997814","330","905"
"publicpolygonfeature:5:42233","ZIP Code 33194","country:us/state:fl/zip:33194","33194","218","386","2728","126250","0","0","1990","12.19723","37019","158","23","162","0","314","0","5528","2.618657937806874","52.281802624073016","39.05832747716093","37","36"
"publicpolygonfeature:5:42239","ZIP Code 33196","country:us/state:fl/zip:33196","33196","3872","3704","2259","94961","3.2514817950889077","0.5253346890357566","17969","20.57811","38344","2202","2969","1541","2724","2197","1763","41167","2.8697345495541664","65.26641855904441","36.88642137179382","280","605"
"publicpolygonfeature:5:42247","ZIP Code 33301","country:us/state:fl/zip:33301","33301","2847","1471","2568","124812","6.072565245066836","9.304812834224599","14581","29.29553","105479","1036","501","458","432","558","188","15318","2.6159334126040426","68.6530612244898","24.937294889826536","74","744"
"publicpolygonfeature:5:42252","ZIP Code 33304","country:us/state:fl/zip:33304","33304","3301","1280","1839","84920","8.05672432600904","6.115984405458089","12460","16.64749","81034","1269","1155","426","1044","1127","335","12920","3.5455794777828675","65.39452399496734","25.11601992658626","362","842"
"publicpolygonfeature:5:42254","ZIP Code 33305","country:us/state:fl/zip:33305","33305","1215","1527","1971","92485","4.596322941646683","0.7883817427385892","8654","5.49996","88544","418","595","462","405","364","126","10719","2.432962720732505","65.50424128180961","25.013267626990142","105","147"
"publicpolygonfeature:5:42256","ZIP Code 33306","country:us/state:fl/zip:33306","33306","217","326","1810","95542","21.869488536155202","4.826546003016592","2160","4.32062","117839","167","116","101","64","34","28","2439","3.2668881506090806","65.69661695161876","26.042760690172543","0","62"
"publicpolygonfeature:5:42264","ZIP Code 33308","country:us/state:fl/zip:33308","33308","2448","3620","1851","93879","7.771787960467205","2.7448588358313","23402","4.63849","81285","1105","946","602","669","872","394","23111","4.6926025841260826","56.533589866923194","26.31182576836963","124","971"
"publicpolygonfeature:5:42267","ZIP Code 33309","country:us/state:fl/zip:33309","33309","3237","2846","2006","77321","3.2568072610784835","0.20289119959421759","14302","11.69285","35946","2398","2417","1644","2464","3397","1448","23381","6.602283496547678","73.77894596752729","26.389691982653176","679","1145"
"publicpolygonfeature:5:42273","ZIP Code 33311","country:us/state:fl/zip:33311","33311","8788","4191","1461","53973","5.519666953775481","0.9969325153374233","27337","7.80863","25005","7904","10284","4770","5374","7884","2251","35580","7.688325135904737","61.343591007517205","27.314885232300885","1486","2969"
"publicpolygonfeature:5:42323","ZIP Code 33312","country:us/state:fl/zip:33312","33312","3921","4489","1703","75952","6.9573670323566175","2.4335173105870544","20933","4.35206","37135","2353","4947","2792","3372","4115","1772","33208","6.208227599270882","65.37455021262676","27.925232421107765","760","1515"
"publicpolygonfeature:5:42336","ZIP Code 33313","country:us/state:fl/zip:33313","33313","9086","4521","1683","46305","4.697366394578777","1.5242450223873487","25086","12.92635","25874","6668","8037","3921","5147","6202","2097","30304","8.148077473523518","64.97158797396425","28.886653507440023","1609","2854"
"publicpolygonfeature:5:42345","ZIP Code 33314","country:us/state:fl/zip:33314","33314","4755","1790","2104","66100","10.533910533910534","2.165982672138623","12341","33.26855","30276","3125","1933","1673","1199","2467","590","17918","5.60009294760079","67.7524174920722","27.259921858934813","107","684"
"publicpolygonfeature:5:42348","ZIP Code 33315","country:us/state:fl/zip:33315","33315","1507","766","1779","88309","3.944236654199252","7.103825136612022","6968","13.59309","53250","201","1354","725","657","659","154","9879","3.806667435690391","72.73261179629164","24.835718457943926","250","297"
"publicpolygonfeature:5:42351","ZIP Code 33316","country:us/state:fl/zip:33316","33316","1366","1676","2100","96641","11.85044359949303","4.747774480712167","8817","21.4705","90944","412","1147","409","312","526","90","9255","3.2177052268089783","60.68196971140109","25.2388427898632","71","437"
"publicpolygonfeature:5:42361","ZIP Code 33317","country:us/state:fl/zip:33317","33317","1854","2918","2104","93603","13.00169587337479","0.7923608289313288","13694","6.16815","42105","2301","1917","1143","1747","1727","655","28227","5.0761421319796955","68.83797593538816","27.992620601329513","152","651"
"publicpolygonfeature:5:42382","ZIP Code 33319","country:us/state:fl/zip:33319","33319","4822","6121","1719","58388","7.970342910101946","1.5106555165902347","25055","18.29546","33612","2153","4849","3322","3071","2576","2183","35918","6.235206600392237","66.52586168157102","30.971747645637137","1112","1883"
"publicpolygonfeature:5:42388","ZIP Code 33321","country:us/state:fl/zip:33321","33321","3271","7128","1952","62066","8.162132148806219","0.6694753852369135","23969","15.52003","34820","3422","2674","2382","2435","3537","1254","34998","5.777726556797664","60.13305920672688","31.49335863377609","394","2059"
"publicpolygonfeature:5:42389","ZIP Code 33322","country:us/state:fl/zip:33322","33322","1815","6300","2151","71755","4.148407829389424","1.2071906573940427","20601","8.08145","42022","1872","2595","1593","1641","2417","791","30066","5.203190277250285","59.18270039827228","32.00247601361807","179","1371"
"publicpolygonfeature:5:42390","ZIP Code 33323","country:us/state:fl/zip:33323","33323","1269","1460","2569","113481","3.59304084720121","0.587248322147651","9245","21.54398","54452","1044","517","221","477","897","119","20197","3.1819133347289092","73.28306500917058","26.992343831564295","145","271"
"publicpolygonfeature:5:42405","ZIP Code 33324","country:us/state:fl/zip:33324","33324","5183","3947","2286","85000","10.604974920667418","0.5085452271779909","22926","9.43912","48742","2951","3030","2131","1861","2380","1153","36389","5.278375233595431","68.52226720647774","26.972636032224674","75","618"
"publicpolygonfeature:5:42411","ZIP Code 33325","country:us/state:fl/zip:33325","33325","1502","2415","2031","100553","6.52","1.8483635507417","11241","15.10994","46150","995","2217","1594","1060","1765","458","24199","5.798913043478261","72.7502467917078","31.5561797752809","212","279"
"publicpolygonfeature:5:42419","ZIP Code 33326","country:us/state:fl/zip:33326","33326","1889","2449","2506","117373","4.328087167070218","0.408997955010225","12672","9.22007","52648","955","1649","563","1050","990","523","28068","2.8862847222222223","69.4044170209564","28.23211875843455","16","216"
"publicpolygonfeature:5:42423","ZIP Code 33327","country:us/state:fl/zip:33327","33327","922","1477","3342","159388","6.173633440514469","0","6718","-0.98426","60312","769","326","182","241","724","831","20111","5.56253364435672","64.84134810603864","31.681409716371807","0","35"
"publicpolygonfeature:5:42429","ZIP Code 33328","country:us/state:fl/zip:33328","33328","1120","2262","2341","126380","14.588859416445624","0.6217120994739359","10862","8.67453","56766","796","891","533","672","983","336","24264","5.086539658822065","68.35766268034217","28.332253623775205","48","242"
"publicpolygonfeature:5:42434","ZIP Code 33330","country:us/state:fl/zip:33330","33330","135","1255","2641","145212","21.292775665399237","0.9753831862517418","4803","0.41274","68982","505","309","210","408","113","105","11991","2.857142857142857","64.04702970297029","23.683913452492945","0","14"
"publicpolygonfeature:5:42440","ZIP Code 33331","country:us/state:fl/zip:33331","33331","891","1817","2832","142636","1.7253774263120056","0","8036","1.52285","62092","448","582","281","222","584","358","22422","1.630249231819734","58.30886378340716","29.721291331546023","27","185"
"publicpolygonfeature:5:42445","ZIP Code 33332","country:us/state:fl/zip:33332","33332","246","1040",,"172730","5.894736842105263","0","3461","-3.8857","68929","221","189","39","459","338","99","9561","3.469531525184924","67.28241563055062","32.84283295711061","17","114"
"publicpolygonfeature:5:42471","ZIP Code 33334","country:us/state:fl/zip:33334","33334","3391","2373","1737","75361","6.0899067005937235","0.8592017738359202","14067","4.98204","43444","1511","2568","2575","1231","2348","1808","18619","7.04568858056474","70.94397544128933","24.89893545344293","371","955"
"publicpolygonfeature:5:42480","ZIP Code 33351","country:us/state:fl/zip:33351","33351","3821","2408","2052","77363","11.081712062256809","2.029959400811984","13775","11.97225","33421","1276","1764","1068","2956","1828","812","25895","4.499579478553406","74.04503695517027","29.78733674048836","91","632"
"publicpolygonfeature:5:42490","ZIP Code 33401","country:us/state:fl/zip:33401","33401","5644","2085","1776","67967","8.817436728812032","3.2560434139121854","19841","27.95999","55688","2548","2670","2233","2504","1684","926","19756","5.462854713572112","65.6045181982987","21.71946473680617","444","1889"
"publicpolygonfeature:5:42496","ZIP Code 33403","country:us/state:fl/zip:33403","33403","1406","599","1601","70646","5.583573487031701","4.121565362198168","5754","10.86446","29562","590","1353","505","1275","863","1642","8055","6.420801273547359","65.89981769250804","21.873087453696247","60","443"
"publicpolygonfeature:5:42500","ZIP Code 33404","country:us/state:fl/zip:33404","33404","2953","2645","1698","65063","14.75526973919257","2.5623364099738257","16255","17.12796","39543","3311","2193","1577","1265","2588","687","19220","10.146252285191956","58.95413267661998","25.508704883227175","336","1031"
"publicpolygonfeature:5:42501","ZIP Code 33405","country:us/state:fl/zip:33405","33405","1777","1229","1566","87341","3.3010217448257793","2.055921052631579","9653","1.05804","57503","687","2110","517","304","942","382","14781","4.994629430719656","67.65168947559647","22.699888017917132","283","655"
"publicpolygonfeature:5:42507","ZIP Code 33406","country:us/state:fl/zip:33406","33406","1858","1300","1792","77075","3.4573688836800467","1.4545454545454546","9578","6.10963","32830","1437","1406","642","1402","2680","779","17323","5.3532569273175685","62.76610231038082","25.78863796753705","100","252"
"publicpolygonfeature:5:42513","ZIP Code 33407","country:us/state:fl/zip:33407","33407","4063","2484","1608","59993","10.642351660315732","3.257608229747107","15796","15.01083","32103","2790","4142","1447","2619","2606","612","19843","5.990487896115","65.77200070261725","23.62351521311059","805","1697"
"publicpolygonfeature:5:42532","ZIP Code 33408","country:us/state:fl/zip:33408","33408","1322","2361","1912","92216","12.504317789291882","2.0938137321549966","13413","13.06762","81508","917","641","376","287","883","222","15355","3.61328125","48.41602265353077","20.07696486780152","6","419"
"publicpolygonfeature:5:42543","ZIP Code 33409","country:us/state:fl/zip:33409","33409","3481","1566","1731","67073","11.143270622286542","2.6296829971181555","13932","13.30909","33315","2092","2684","1324","1943","2589","743","20665","6.515565557520227","69.99062441402589","22.24056297833701","217","883"
"publicpolygonfeature:5:42551","ZIP Code 33410","country:us/state:fl/zip:33410","33410","2424","3027","2259","94530","5.080330004342162","0.7723721590909091","17734","9.25936","69957","1914","1442","828","1047","2317","1120","27371","5.237332782397604","62.66076391132941","20.80237975321078","121","756"
"publicpolygonfeature:5:42567","ZIP Code 33411","country:us/state:fl/zip:33411","33411","3148","6933","2002","92591","5.172693367926058","1.899969635188479","30300","13.7391","45935","2878","2569","3114","2022","3832","2140","59706","3.390082153815698","64.09923119600539","29.06738778689998","767","1004"
"publicpolygonfeature:5:42570","ZIP Code 33412","country:us/state:fl/zip:33412","33412","303","1337","2321","130225","0","1.8271792919680243","6755","10.47965","67329","423","501","147","153","162","136","14323","2.684563758389262","56.60433363015732","35.51112943116241","0","65"
"publicpolygonfeature:5:42573","ZIP Code 33413","country:us/state:fl/zip:33413","33413","942","1583","2077","91131","5.6575682382134","1.9488737028600354","6327","15.44602","31764","709","1280","380","573","785","778","13810","8.895366368479245","69.90406834255303","26.880077603977202","45","92"
"publicpolygonfeature:5:42574","ZIP Code 33414","country:us/state:fl/zip:33414","33414","3087","4565","2434","112241","5.191873589164786","1.3262768602945865","23501","10.36026","52972","2444","1791","905","1389","1887","928","50736","4.5598918204975","67.79191441297445","31.246387737152908","49","774"
"publicpolygonfeature:5:42578","ZIP Code 33415","country:us/state:fl/zip:33415","33415","4564","3291","1667","61274","2.9796783443460915","0.6458655508050578","20526","14.05556","28536","3629","4613","3130","3296","5031","2178","31859","5.960741941292995","64.58512342955342","29.2085448392555","393","1082"
"publicpolygonfeature:5:42579","ZIP Code 33417","country:us/state:fl/zip:33417","33417","4309","3057","1647","51605","3.697086311159978","0.2967359050445104","20598","17.22926","34033","2829","2551","1598","2781","2937","1269","23500","6.919596956611146","60.07340694590093","25.97569713978623","238","2008"
"publicpolygonfeature:5:42595","ZIP Code 33418","country:us/state:fl/zip:33418","33418","2299","3873","2578","125497","9.659669859384552","0.6004776526782668","21501","21.4223","86509","1409","978","502","1202","1798","656","36900","2.717076000773545","55.75051885393925","24.64479208993634","37","806"
"publicpolygonfeature:5:42621","ZIP Code 33426","country:us/state:fl/zip:33426","33426","2511","2123","2202","74223","8.487940630797773","0.9468317552804079","12396","25.76082","41547","1465","1513","959","1152","1128","444","17250","7.300652219650747","66.32093023255814","25.44704787683979","208","604"
"publicpolygonfeature:5:42626","ZIP Code 33428","country:us/state:fl/zip:33428","33428","3503","3049","2432","88543","6.577385997626717","0.3265602322206096","18129","11.05555","45216","2220","2625","1973","1347","3562","2017","33530","4.447016035708382","65.10952047790755","28.952820567870752","172","1172"
"publicpolygonfeature:5:42628","ZIP Code 33437","country:us/state:fl/zip:33437","33437","1690","4761","2070","80710","1.760821716801174","1.2472675839012473","21604","2.59669","52246","2172","1068","2032","1105","1749","735","28245","5.130275229357798","40.04403992953611","25.17947717518533","205","537"
"publicpolygonfeature:5:42650","ZIP Code 33438","country:us/state:fl/zip:33438","33438","26","50","1431",,"0","0","176","1.99618","33678","71","0","50","0","0","0","136","0","62.727272727272734","19.420289855072465","0","50"
"publicpolygonfeature:5:42666","ZIP Code 33469","country:us/state:fl/zip:33469","33469","620","1764","1908","106265","0","0.7498295841854125","8399","4.33627","76255","864","298","309","162","843","279","11846","4.679245283018868","50.97210481825867","31.43541712045306","18","156"
"publicpolygonfeature:5:42674","ZIP Code 33470","country:us/state:fl/zip:33470","33470","62","3167","2669","122163","11.3314447592068","0.2840909090909091","11855","14.17089","49119","809","989","1157","662","1271","481","30106","4.005409904286309","67.12056143291086","40.64458804523425","113","352"
"publicpolygonfeature:5:42686","ZIP Code 33483","country:us/state:fl/zip:33483","33483","1040","1460","2456","116115","14.195583596214512","2.824620573355818","9468","7.08562","106781","828","362","125","694","517","120","9962","4.1522491349480966","52.662477261451954","23.845514950166113","63","286"
"publicpolygonfeature:5:42687","ZIP Code 33484","country:us/state:fl/zip:33484","33484","1569","4020","2087","62151","11.315185306657922","1.6013156755821","18759","12.10756","52496","1151","1376","650","1112","1529","446","19509","5.373923257635082","41.69928245270711","26.077860903297314","23","1286"
"publicpolygonfeature:5:42697","ZIP Code 33486","country:us/state:fl/zip:33486","33486","1407","2027","2318","105540","4.9812734082397006","1.299289922949086","9757","5.73814","65068","1445","490","788","653","932","450","18163","5.518709571767788","66.08408635896326","21.212535550207832","38","648"
"publicpolygonfeature:5:42700","ZIP Code 33487","country:us/state:fl/zip:33487","33487","1585","2683","2603","96066","8.83415435139573","2.5726919469382286","13788","25.00908","80560","824","602","534","643","871","457","16661","3.654822335025381","53.7174822136534","21.385705669481304","137","364"
"publicpolygonfeature:5:42702","ZIP Code 33493","country:us/state:fl/zip:33493","33493","224","152","1085","53083","3.6211699164345403","0","964","8.52167","12511","429","583","163","52","403","0","1559","8.830188679245284","30.864197530864196","32.31578947368421","43","123"
"publicpolygonfeature:5:42708","ZIP Code 33496","country:us/state:fl/zip:33496","33496","1043","3221","2609","114885","0","0.7776049766718507","12244","13.30319","78679","1965","1256","347","310","1041","54","21606","4.31770734484722","48.54878835345066","23.972452995190206","125","267"
"publicpolygonfeature:5:42718","ZIP Code 33498","country:us/state:fl/zip:33498","33498","161","1434",,"146765","7.987220447284344","0","5780","1.60519","60973","193","154","279","373","626","270","14620","5.912786400591279","62.88635835463629","28.442410980704196","12","58"
"publicpolygonfeature:5:43469","ZIP Code 33004","country:us/state:fl/zip:33004","33004","3217","1231","1801","52574","6.542239685658154","0.33579583613163194","9247","3.57973","36206","1444","2634","445","1031","1006","653","9702","8.906461346373947","66.75696325623393","28.172306019839652","172","724"
"publicpolygonfeature:5:43491","ZIP Code 33033","country:us/state:fl/zip:33033","33033","5690","5206","1766","69635","4.106180008295313","1.1371181938911024","22063","37.25911","25749","5722","5321","4286","5856","5853","1852","42491","4.357196947632085","65.5015715529973","34.913080601092894","861","1257"
"publicpolygonfeature:5:43493","ZIP Code 33039","country:us/state:fl/zip:33039","33039","0","0",,,"0","0","0",,,"0","0","0","0","0","0","0",,,,"0","0"
"publicpolygonfeature:5:43494","ZIP Code 33157","country:us/state:fl/zip:33157","33157","4440","4882","1653","81589","6.002415458937198","1.040596974053536","23455","6.53967","38579","2812","5663","3163","3253","4280","1889","48649","5.775185226141767","63.127877773126826","34.746126340882","879","1827"
"publicpolygonfeature:5:43495","ZIP Code 33158","country:us/state:fl/zip:33158","33158","76","361",,"201597","16.666666666666664","0.3625064733298809","2160","-0.42185","98862","73","28","57","22","149","14","5609","2.3700035373187123","59.74218089602705","34.27102376599635","28","19"
"publicpolygonfeature:5:43496","ZIP Code 33034","country:us/state:fl/zip:33034","33034","2652","854","1380","47170","4.618473895582329","2.9268292682926833","7315","21.19084","18822","4156","2690","2403","1719","1275","767","8795","5.4351909830933","46.82858640573126","33.16958977407848","233","712"
"publicpolygonfeature:5:43499","ZIP Code 33430","country:us/state:fl/zip:33430","33430","1844","431","890","46523","4.839892446834515","0.7524752475247525","7281","-3.01141","21724","2112","3047","1351","1212","2380","218","8807","10.062097516099357","57.25195865428929","26.060814529444137","400","1113"
"publicpolygonfeature:5:43500","ZIP Code 33431","country:us/state:fl/zip:33431","33431","1775","1751","2712","107896","6.008727760993622","0","9181","20.07188","48168","1629","797","571","515","815","320","14623","7.063563115487915","53.28157744332253","20.96266602847912","48","299"
"publicpolygonfeature:5:43501","ZIP Code 33432","country:us/state:fl/zip:33432","33432","2635","2664","2361","107045","6.344598797428986","2.1005826433609323","14368","18.35256","114719","1085","1097","547","431","740","190","17707","5.203746697622288","62.10102416227503","22.007747318235996","14","509"
"publicpolygonfeature:5:43502","ZIP Code 33433","country:us/state:fl/zip:33433","33433","4177","4907","2521","84091","10.512013729977117","0.3343292075686442","22813","11.00595","54279","1355","2568","1370","1393","1359","1655","36351","5.025501848299097","54.346997382398534","22.480579328505595","131","1234"
"publicpolygonfeature:5:43503","ZIP Code 33434","country:us/state:fl/zip:33434","33434","1519","2663","1598","77269","1.5251442704039573","2.1088595664467484","13561","8.88491","67742","804","1040","770","717","855","460","17018","4.097041713083303","42.02340702210663","22.86810071702518","49","801"
"publicpolygonfeature:5:43504","ZIP Code 33435","country:us/state:fl/zip:33435","33435","2848","3254","1997","67979","13.036276296173597","4.41988950276243","20269","15.89271","40643","2480","3835","1505","1374","3163","900","24031","4.867529266789895","61.68561745795458","26.195231556609663","323","1071"
"publicpolygonfeature:5:43505","ZIP Code 33436","country:us/state:fl/zip:33436","33436","3437","5090","1950","75789","8.853333333333333","1.523077941858155","24034","8.84406","44371","1956","2216","3493","2621","3081","2000","32849","6.3845613455101455","59.49497678760041","26.391749961946317","249","978"
"publicpolygonfeature:5:43507","ZIP Code 33441","country:us/state:fl/zip:33441","33441","3370","2868","1655","58594","1.4065412641925097","3.3087191138881","15280","10.58752","37217","2810","2886","1994","1541","1616","398","18353","7.379310344827586","63.23529411764706","26.58868074930251","343","1446"
"publicpolygonfeature:5:43508","ZIP Code 33442","country:us/state:fl/zip:33442","33442","3202","4196","1984","53254","9.748724730776498","1.0258323230439241","21695","14.01619","41608","1917","2018","1572","1132","2591","1317","20490","4.525077052395629","52.446730345334316","29.084012979040605","399","1746"
"publicpolygonfeature:5:43509","ZIP Code 33444","country:us/state:fl/zip:33444","33444","2315","1490","1696","72925","12.813870067756078","0","10559","13.74421","45335","1556","2139","456","1157","2180","1207","13817","7.02462656439241","65.97943636460496","23.502324073073183","343","877"
"publicpolygonfeature:5:43510","ZIP Code 33445","country:us/state:fl/zip:33445","33445","2853","3392","2045","78163","8.34639498432602","1.1360297718147097","17962","8.43556","51814","1482","2280","761","1101","2251","1119","23669","4.879413575065749","61.061614610001705","22.880911312347276","659","996"
"publicpolygonfeature:5:43511","ZIP Code 33446","country:us/state:fl/zip:33446","33446","1131","4596","1937","80187","3.7202380952380953","2.6078999542473693","18187","38.02285","78527","1452","806","1254","934","1127","493","22323","4.200527704485489","36.511117105313865","28.78185261707989","114","910"
"publicpolygonfeature:5:43512","ZIP Code 33449","country:us/state:fl/zip:33449","33449","91","825","3102","153586","35.406698564593306","1.079136690647482","3254","-3.77422","73873","189","561","61","36","158","133","7522","4.59346597887497","55.297473512632436","35.537106065740424","0","32"
"publicpolygonfeature:5:43515","ZIP Code 33458","country:us/state:fl/zip:33458","33458","3031","4864","2330","109729","3.6528866714183894","0.8715279954856103","23161","11.49026","64543","2662","2981","1399","702","1867","468","44699","3.255661306202823","67.52204937286709","24.21867843610776","559","1017"
"publicpolygonfeature:5:43516","ZIP Code 33460","country:us/state:fl/zip:33460","33460","4688","2058","1538","62090","7.233565737051793","1.482592037314676","15134","17.56042","31342","3264","4715","1659","3156","4142","1313","18690","5.447219182170928","67.74508812725372","27.19878048780488","779","1828"
"publicpolygonfeature:5:43517","ZIP Code 33461","country:us/state:fl/zip:33461","33461","4623","2893","1685","61963","6.048436168918097","2.621900581326373","18150","15.22055","27260","3898","4752","3826","2539","3637","2370","28005","8.053103800423079","69.73928526007886","27.949066213921903","733","1333"
"publicpolygonfeature:5:43518","ZIP Code 33462","country:us/state:fl/zip:33462","33462","3032","2740","1779","73997","5.447236180904523","1.5181365163981921","16265","10.83849","43350","2138","1152","1461","1483","3075","594","23023","7.7580296397869315","66.06620209059233","24.71710027784794","233","787"
"publicpolygonfeature:5:43519","ZIP Code 33463","country:us/state:fl/zip:33463","33463","3328","5661","1791","73865","3.429851775249914","1.7493472584856395","22847","18.99515","34125","4884","4320","3215","2924","4655","1724","43452","6.079646525506398","67.85721237129455","28.644483840174555","368","770"
"publicpolygonfeature:5:43520","ZIP Code 33467","country:us/state:fl/zip:33467","33467","1846","6096","2146","95739","2.4299065420560746","1.5904474062329685","25803","14.42439","51304","1795","2052","1268","1770","2825","859","47397","5.769370680247363","56.14902265160645","31.26064162377952","114","895"
"publicpolygonfeature:5:43522","ZIP Code 33472","country:us/state:fl/zip:33472","33472","316","2561","2444","101959","0","0.3986710963455149","8805","0.61582","64955","549","774","554","548","470","342","15512","3.8425239315086963","44.64844690585119","27.436914203316512","1","222"
"publicpolygonfeature:5:43523","ZIP Code 33473","country:us/state:fl/zip:33473","33473","30","1215",,"145691","48.40425531914894","0","4732","67.87175","74313","302","120","542","43","74","254","10490","4.926108374384237","42.57996853696906","30.783450704225352","0","80"
"publicpolygonfeature:5:43524","ZIP Code 33476","country:us/state:fl/zip:33476","33476","829","136","1126","36652","2.7165932452276063","7.116104868913857","2644","-0.8958","18283","1810","885","223","301","357","310","3114","15.274949083503056","51.181375955524665","24.423637120266335","254","434"
"publicpolygonfeature:5:43525","ZIP Code 33477","country:us/state:fl/zip:33477","33477","583","1884","2653","104992","14.878892733564014","1.591089896579157","11020","-3.25779","106827","535","487","291","193","496","245","10610","1.084649846734261","33.795521555502425","25.43351610692255","30","318"
"publicpolygonfeature:5:43526","ZIP Code 33478","country:us/state:fl/zip:33478","33478","64","1488","3033","139091","0","1.2543419529139328","5701","15.61113","63266","311","121","257","267","544","20","13151","3.0245490302454905","60.8383529994224","31.63749088256747","2","174"
"publicpolygonfeature:5:43527","ZIP Code 33480","country:us/state:fl/zip:33480","33480","301","2160","2293","150633","22.120786516853933","1.4097234773179108","12444","14.42529","196153","450","389","163","185","286","168","9283","4.440258342303552","35.410710882409","26.050574712643677","14","183"
"publicpolygonfeature:5:6673889","ZIP Code 33388","country:us/state:fl/zip:33388","33388","0","0",,,"0","0","0",,,"0","0","0","0","0","0","0",,,,"0","0"
"publicpolygonfeature:5:6703671","ZIP Code 33022","country:us/state:fl/zip:33022","33022","0","0",,,"0","0","0","0.89969",,"0","0","0","0","0","0","0",,,,"0","0"
"publicpolygonfeature:22:928457","Miami-Fort Lauderdale-West Palm Beach, FL Area","country:us/state:fl/msa:miami-fort_lauderdale-west_palm_beach","33100","559920","488567","1869","76527","6.169523515693765","1.3073374471369255","2680465","10.30756","43766","363031","444837","262683","282197","399336","175189","4237503","5.071178122542412","63.757452820330954","29.309263936755983","73821","183488"